항목,연령구분5세,시점,값
H10,10_14세,2015년 01월,18248
H10,5_9세,2015년 01월,29569
H10,5세미만,2015년 01월,50614
H16,10_14세,2015년 01월,4710
H16,5_9세,2015년 01월,4181
H16,5세미만,2015년 01월,4171
H20,10_14세,2015년 01월,118
H20,5_9세,2015년 01월,46
H20,5세미만,2015년 01월,18
H30,10_14세,2015년 01월,6
H30,5_9세,2015년 01월,4
H30,5세미만,2015년 01월,1
H40,10_14세,2015년 01월,740
H40,5_9세,2015년 01월,271
H40,5세미만,2015년 01월,78
J00,10_14세,2015년 01월,20548
J00,5_9세,2015년 01월,51804
J00,5세미만,2015년 01월,164860
J01,10_14세,2015년 01월,36327
J01,5_9세,2015년 01월,97150
J01,5세미만,2015년 01월,181151
J02,10_14세,2015년 01월,29638
J02,5_9세,2015년 01월,64452
J02,5세미만,2015년 01월,136897
J03,10_14세,2015년 01월,43510
J03,5_9세,2015년 01월,82462
J03,5세미만,2015년 01월,115103
J04,10_14세,2015년 01월,17500
J04,5_9세,2015년 01월,27624
J04,5세미만,2015년 01월,35797
J06,10_14세,2015년 01월,33875
J06,5_9세,2015년 01월,68944
J06,5세미만,2015년 01월,171969
K12,10_14세,2015년 01월,5445
K12,5_9세,2015년 01월,7324
K12,5세미만,2015년 01월,6345
H10,10_14세,2015년 02월,15753
H10,5_9세,2015년 02월,26577
H10,5세미만,2015년 02월,44838
H16,10_14세,2015년 02월,4190
H16,5_9세,2015년 02월,3535
H16,5세미만,2015년 02월,3532
H20,10_14세,2015년 02월,120
H20,5_9세,2015년 02월,44
H20,5세미만,2015년 02월,19
H30,10_14세,2015년 02월,10
H30,5_9세,2015년 02월,3
H30,5세미만,2015년 02월,4
H40,10_14세,2015년 02월,569
H40,5_9세,2015년 02월,211
H40,5세미만,2015년 02월,62
J00,10_14세,2015년 02월,28759
J00,5_9세,2015년 02월,64735
J00,5세미만,2015년 02월,159345
J01,10_14세,2015년 02월,40514
J01,5_9세,2015년 02월,115127
J01,5세미만,2015년 02월,183407
J02,10_14세,2015년 02월,44149
J02,5_9세,2015년 02월,83352
J02,5세미만,2015년 02월,135113
J03,10_14세,2015년 02월,65178
J03,5_9세,2015년 02월,106672
J03,5세미만,2015년 02월,115841
J04,10_14세,2015년 02월,24229
J04,5_9세,2015년 02월,34503
J04,5세미만,2015년 02월,34288
J06,10_14세,2015년 02월,49712
J06,5_9세,2015년 02월,88911
J06,5세미만,2015년 02월,171214
K12,10_14세,2015년 02월,4508
K12,5_9세,2015년 02월,6036
K12,5세미만,2015년 02월,5169
H10,10_14세,2015년 03월,19456
H10,5_9세,2015년 03월,31609
H10,5세미만,2015년 03월,52973
H16,10_14세,2015년 03월,5474
H16,5_9세,2015년 03월,4260
H16,5세미만,2015년 03월,4098
H20,10_14세,2015년 03월,157
H20,5_9세,2015년 03월,49
H20,5세미만,2015년 03월,19
H30,10_14세,2015년 03월,11
H30,5_9세,2015년 03월,2
H30,5세미만,2015년 03월,3
H40,10_14세,2015년 03월,526
H40,5_9세,2015년 03월,261
H40,5세미만,2015년 03월,92
J00,10_14세,2015년 03월,38718
J00,5_9세,2015년 03월,69692
J00,5세미만,2015년 03월,190778
J01,10_14세,2015년 03월,48660
J01,5_9세,2015년 03월,114174
J01,5세미만,2015년 03월,209349
J02,10_14세,2015년 03월,59353
J02,5_9세,2015년 03월,88157
J02,5세미만,2015년 03월,160123
J03,10_14세,2015년 03월,85515
J03,5_9세,2015년 03월,110436
J03,5세미만,2015년 03월,136548
J04,10_14세,2015년 03월,32902
J04,5_9세,2015년 03월,36926
J04,5세미만,2015년 03월,41591
J06,10_14세,2015년 03월,66341
J06,5_9세,2015년 03월,92287
J06,5세미만,2015년 03월,201301
K12,10_14세,2015년 03월,4190
K12,5_9세,2015년 03월,6578
K12,5세미만,2015년 03월,7008
H10,10_14세,2015년 04월,29601
H10,5_9세,2015년 04월,46699
H10,5세미만,2015년 04월,63506
H16,10_14세,2015년 04월,5900
H16,5_9세,2015년 04월,5075
H16,5세미만,2015년 04월,4805
H20,10_14세,2015년 04월,184
H20,5_9세,2015년 04월,56
H20,5세미만,2015년 04월,25
H30,10_14세,2015년 04월,10
H30,5_9세,2015년 04월,5
H30,5세미만,2015년 04월,2
H40,10_14세,2015년 04월,500
H40,5_9세,2015년 04월,236
H40,5세미만,2015년 04월,71
J00,10_14세,2015년 04월,33828
J00,5_9세,2015년 04월,61491
J00,5세미만,2015년 04월,179834
J01,10_14세,2015년 04월,51639
J01,5_9세,2015년 04월,112729
J01,5세미만,2015년 04월,208868
J02,10_14세,2015년 04월,51951
J02,5_9세,2015년 04월,78358
J02,5세미만,2015년 04월,163347
J03,10_14세,2015년 04월,73587
J03,5_9세,2015년 04월,99782
J03,5세미만,2015년 04월,150656
J04,10_14세,2015년 04월,30931
J04,5_9세,2015년 04월,35403
J04,5세미만,2015년 04월,43130
J06,10_14세,2015년 04월,59034
J06,5_9세,2015년 04월,83628
J06,5세미만,2015년 04월,195192
K12,10_14세,2015년 04월,3762
K12,5_9세,2015년 04월,6057
K12,5세미만,2015년 04월,9030
H10,10_14세,2015년 05월,32526
H10,5_9세,2015년 05월,55481
H10,5세미만,2015년 05월,65361
H16,10_14세,2015년 05월,6334
H16,5_9세,2015년 05월,5777
H16,5세미만,2015년 05월,4895
H20,10_14세,2015년 05월,170
H20,5_9세,2015년 05월,62
H20,5세미만,2015년 05월,19
H30,10_14세,2015년 05월,12
H30,5_9세,2015년 05월,3
H30,5세미만,2015년 05월,0
H40,10_14세,2015년 05월,553
H40,5_9세,2015년 05월,293
H40,5세미만,2015년 05월,72
J00,10_14세,2015년 05월,20256
J00,5_9세,2015년 05월,46876
J00,5세미만,2015년 05월,170099
J01,10_14세,2015년 05월,34122
J01,5_9세,2015년 05월,84449
J01,5세미만,2015년 05월,179848
J02,10_14세,2015년 05월,31967
J02,5_9세,2015년 05월,63474
J02,5세미만,2015년 05월,177316
J03,10_14세,2015년 05월,48133
J03,5_9세,2015년 05월,86750
J03,5세미만,2015년 05월,170858
J04,10_14세,2015년 05월,19810
J04,5_9세,2015년 05월,27497
J04,5세미만,2015년 05월,42257
J06,10_14세,2015년 05월,35420
J06,5_9세,2015년 05월,63999
J06,5세미만,2015년 05월,190207
K12,10_14세,2015년 05월,4150
K12,5_9세,2015년 05월,7649
K12,5세미만,2015년 05월,15730
H10,10_14세,2015년 06월,25911
H10,5_9세,2015년 06월,37975
H10,5세미만,2015년 06월,48177
H16,10_14세,2015년 06월,5803
H16,5_9세,2015년 06월,4536
H16,5세미만,2015년 06월,3782
H20,10_14세,2015년 06월,159
H20,5_9세,2015년 06월,72
H20,5세미만,2015년 06월,18
H30,10_14세,2015년 06월,7
H30,5_9세,2015년 06월,2
H30,5세미만,2015년 06월,2
H40,10_14세,2015년 06월,413
H40,5_9세,2015년 06월,183
H40,5세미만,2015년 06월,36
J00,10_14세,2015년 06월,17335
J00,5_9세,2015년 06월,35123
J00,5세미만,2015년 06월,117373
J01,10_14세,2015년 06월,20279
J01,5_9세,2015년 06월,52699
J01,5세미만,2015년 06월,115356
J02,10_14세,2015년 06월,28172
J02,5_9세,2015년 06월,53543
J02,5세미만,2015년 06월,130241
J03,10_14세,2015년 06월,42983
J03,5_9세,2015년 06월,79099
J03,5세미만,2015년 06월,136733
J04,10_14세,2015년 06월,13336
J04,5_9세,2015년 06월,18297
J04,5세미만,2015년 06월,26726
J06,10_14세,2015년 06월,28780
J06,5_9세,2015년 06월,48508
J06,5세미만,2015년 06월,131320
K12,10_14세,2015년 06월,3597
K12,5_9세,2015년 06월,6790
K12,5세미만,2015년 06월,14163
H10,10_14세,2015년 07월,30418
H10,5_9세,2015년 07월,50209
H10,5세미만,2015년 07월,52585
H16,10_14세,2015년 07월,5822
H16,5_9세,2015년 07월,5256
H16,5세미만,2015년 07월,3982
H20,10_14세,2015년 07월,175
H20,5_9세,2015년 07월,85
H20,5세미만,2015년 07월,12
H30,10_14세,2015년 07월,10
H30,5_9세,2015년 07월,1
H30,5세미만,2015년 07월,2
H40,10_14세,2015년 07월,646
H40,5_9세,2015년 07월,284
H40,5세미만,2015년 07월,81
J00,10_14세,2015년 07월,12757
J00,5_9세,2015년 07월,37223
J00,5세미만,2015년 07월,136519
J01,10_14세,2015년 07월,16731
J01,5_9세,2015년 07월,52884
J01,5세미만,2015년 07월,117211
J02,10_14세,2015년 07월,21160
J02,5_9세,2015년 07월,57133
J02,5세미만,2015년 07월,155178
J03,10_14세,2015년 07월,33057
J03,5_9세,2015년 07월,83849
J03,5세미만,2015년 07월,156960
J04,10_14세,2015년 07월,10259
J04,5_9세,2015년 07월,18852
J04,5세미만,2015년 07월,29358
J06,10_14세,2015년 07월,21088
J06,5_9세,2015년 07월,50745
J06,5세미만,2015년 07월,151959
K12,10_14세,2015년 07월,4439
K12,5_9세,2015년 07월,7867
K12,5세미만,2015년 07월,14422
H10,10_14세,2015년 08월,44993
H10,5_9세,2015년 08월,71143
H10,5세미만,2015년 08월,57334
H16,10_14세,2015년 08월,6743
H16,5_9세,2015년 08월,6653
H16,5세미만,2015년 08월,4383
H20,10_14세,2015년 08월,181
H20,5_9세,2015년 08월,63
H20,5세미만,2015년 08월,18
H30,10_14세,2015년 08월,11
H30,5_9세,2015년 08월,6
H30,5세미만,2015년 08월,1
H40,10_14세,2015년 08월,725
H40,5_9세,2015년 08월,330
H40,5세미만,2015년 08월,91
J00,10_14세,2015년 08월,14833
J00,5_9세,2015년 08월,44149
J00,5세미만,2015년 08월,146274
J01,10_14세,2015년 08월,20582
J01,5_9세,2015년 08월,61865
J01,5세미만,2015년 08월,124015
J02,10_14세,2015년 08월,24357
J02,5_9세,2015년 08월,69830
J02,5세미만,2015년 08월,179709
J03,10_14세,2015년 08월,37099
J03,5_9세,2015년 08월,98629
J03,5세미만,2015년 08월,182233
J04,10_14세,2015년 08월,12721
J04,5_9세,2015년 08월,24111
J04,5세미만,2015년 08월,36534
J06,10_14세,2015년 08월,24128
J06,5_9세,2015년 08월,61038
J06,5세미만,2015년 08월,169353
K12,10_14세,2015년 08월,5559
K12,5_9세,2015년 08월,8732
K12,5세미만,2015년 08월,12357
H10,10_14세,2015년 09월,41998
H10,5_9세,2015년 09월,55799
H10,5세미만,2015년 09월,49502
H16,10_14세,2015년 09월,6594
H16,5_9세,2015년 09월,5599
H16,5세미만,2015년 09월,4100
H20,10_14세,2015년 09월,183
H20,5_9세,2015년 09월,58
H20,5세미만,2015년 09월,25
H30,10_14세,2015년 09월,10
H30,5_9세,2015년 09월,3
H30,5세미만,2015년 09월,2
H40,10_14세,2015년 09월,508
H40,5_9세,2015년 09월,243
H40,5세미만,2015년 09월,92
J00,10_14세,2015년 09월,32216
J00,5_9세,2015년 09월,67638
J00,5세미만,2015년 09월,183531
J01,10_14세,2015년 09월,50141
J01,5_9세,2015년 09월,109999
J01,5세미만,2015년 09월,176723
J02,10_14세,2015년 09월,49655
J02,5_9세,2015년 09월,92143
J02,5세미만,2015년 09월,183952
J03,10_14세,2015년 09월,68320
J03,5_9세,2015년 09월,119704
J03,5세미만,2015년 09월,172818
J04,10_14세,2015년 09월,29310
J04,5_9세,2015년 09월,39730
J04,5세미만,2015년 09월,44045
J06,10_14세,2015년 09월,54685
J06,5_9세,2015년 09월,92385
J06,5세미만,2015년 09월,203429
K12,10_14세,2015년 09월,4053
K12,5_9세,2015년 09월,6529
K12,5세미만,2015년 09월,8895
H10,10_14세,2015년 10월,22366
H10,5_9세,2015년 10월,36330
H10,5세미만,2015년 10월,45564
H16,10_14세,2015년 10월,5438
H16,5_9세,2015년 10월,4616
H16,5세미만,2015년 10월,3858
H20,10_14세,2015년 10월,172
H20,5_9세,2015년 10월,68
H20,5세미만,2015년 10월,17
H30,10_14세,2015년 10월,17
H30,5_9세,2015년 10월,3
H30,5세미만,2015년 10월,4
H40,10_14세,2015년 10월,488
H40,5_9세,2015년 10월,256
H40,5세미만,2015년 10월,73
J00,10_14세,2015년 10월,26254
J00,5_9세,2015년 10월,63477
J00,5세미만,2015년 10월,186616
J01,10_14세,2015년 10월,40436
J01,5_9세,2015년 10월,109418
J01,5세미만,2015년 10월,189520
J02,10_14세,2015년 10월,39184
J02,5_9세,2015년 10월,75554
J02,5세미만,2015년 10월,157409
J03,10_14세,2015년 10월,53775
J03,5_9세,2015년 10월,94940
J03,5세미만,2015년 10월,136217
J04,10_14세,2015년 10월,24021
J04,5_9세,2015년 10월,37227
J04,5세미만,2015년 10월,42600
J06,10_14세,2015년 10월,43491
J06,5_9세,2015년 10월,82552
J06,5세미만,2015년 10월,195821
K12,10_14세,2015년 10월,3889
K12,5_9세,2015년 10월,6190
K12,5세미만,2015년 10월,7441
H10,10_14세,2015년 11월,16853
H10,5_9세,2015년 11월,29863
H10,5세미만,2015년 11월,47778
H16,10_14세,2015년 11월,4850
H16,5_9세,2015년 11월,4030
H16,5세미만,2015년 11월,4130
H20,10_14세,2015년 11월,168
H20,5_9세,2015년 11월,69
H20,5세미만,2015년 11월,12
H30,10_14세,2015년 11월,9
H30,5_9세,2015년 11월,4
H30,5세미만,2015년 11월,2
H40,10_14세,2015년 11월,483
H40,5_9세,2015년 11월,211
H40,5세미만,2015년 11월,69
J00,10_14세,2015년 11월,28064
J00,5_9세,2015년 11월,60849
J00,5세미만,2015년 11월,172883
J01,10_14세,2015년 11월,43892
J01,5_9세,2015년 11월,111211
J01,5세미만,2015년 11월,181007
J02,10_14세,2015년 11월,42224
J02,5_9세,2015년 11월,73507
J02,5세미만,2015년 11월,145893
J03,10_14세,2015년 11월,58102
J03,5_9세,2015년 11월,93382
J03,5세미만,2015년 11월,126212
J04,10_14세,2015년 11월,26295
J04,5_9세,2015년 11월,36414
J04,5세미만,2015년 11월,42308
J06,10_14세,2015년 11월,47751
J06,5_9세,2015년 11월,79442
J06,5세미만,2015년 11월,181670
K12,10_14세,2015년 11월,3583
K12,5_9세,2015년 11월,5553
K12,5세미만,2015년 11월,6364
H10,10_14세,2015년 12월,16262
H10,5_9세,2015년 12월,31367
H10,5세미만,2015년 12월,54091
H16,10_14세,2015년 12월,4670
H16,5_9세,2015년 12월,4163
H16,5세미만,2015년 12월,4497
H20,10_14세,2015년 12월,152
H20,5_9세,2015년 12월,63
H20,5세미만,2015년 12월,19
H30,10_14세,2015년 12월,15
H30,5_9세,2015년 12월,2
H30,5세미만,2015년 12월,2
H40,10_14세,2015년 12월,418
H40,5_9세,2015년 12월,245
H40,5세미만,2015년 12월,60
J00,10_14세,2015년 12월,28741
J00,5_9세,2015년 12월,68237
J00,5세미만,2015년 12월,174753
J01,10_14세,2015년 12월,49412
J01,5_9세,2015년 12월,134346
J01,5세미만,2015년 12월,200267
J02,10_14세,2015년 12월,42478
J02,5_9세,2015년 12월,82105
J02,5세미만,2015년 12월,156507
J03,10_14세,2015년 12월,60242
J03,5_9세,2015년 12월,105607
J03,5세미만,2015년 12월,138697
J04,10_14세,2015년 12월,27101
J04,5_9세,2015년 12월,41308
J04,5세미만,2015년 12월,47543
J06,10_14세,2015년 12월,48482
J06,5_9세,2015년 12월,91296
J06,5세미만,2015년 12월,189504
K12,10_14세,2015년 12월,3867
K12,5_9세,2015년 12월,6279
K12,5세미만,2015년 12월,6223
H10,10_14세,2016년 01월,15957
H10,5_9세,2016년 01월,29304
H10,5세미만,2016년 01월,48957
H16,10_14세,2016년 01월,4274
H16,5_9세,2016년 01월,4019
H16,5세미만,2016년 01월,4061
H20,10_14세,2016년 01월,140
H20,5_9세,2016년 01월,54
H20,5세미만,2016년 01월,20
H30,10_14세,2016년 01월,16
H30,5_9세,2016년 01월,6
H30,5세미만,2016년 01월,1
H40,10_14세,2016년 01월,606
H40,5_9세,2016년 01월,214
H40,5세미만,2016년 01월,62
J00,10_14세,2016년 01월,19452
J00,5_9세,2016년 01월,51964
J00,5세미만,2016년 01월,142536
J01,10_14세,2016년 01월,36539
J01,5_9세,2016년 01월,104077
J01,5세미만,2016년 01월,158594
J02,10_14세,2016년 01월,27753
J02,5_9세,2016년 01월,66626
J02,5세미만,2016년 01월,131242
J03,10_14세,2016년 01월,40376
J03,5_9세,2016년 01월,87871
J03,5세미만,2016년 01월,120531
J04,10_14세,2016년 01월,18402
J04,5_9세,2016년 01월,31895
J04,5세미만,2016년 01월,36108
J06,10_14세,2016년 01월,31614
J06,5_9세,2016년 01월,68555
J06,5세미만,2016년 01월,152021
K12,10_14세,2016년 01월,4672
K12,5_9세,2016년 01월,6765
K12,5세미만,2016년 01월,5405
H10,10_14세,2016년 02월,16532
H10,5_9세,2016년 02월,29538
H10,5세미만,2016년 02월,46673
H16,10_14세,2016년 02월,4411
H16,5_9세,2016년 02월,4075
H16,5세미만,2016년 02월,4077
H20,10_14세,2016년 02월,130
H20,5_9세,2016년 02월,70
H20,5세미만,2016년 02월,16
H30,10_14세,2016년 02월,20
H30,5_9세,2016년 02월,5
H30,5세미만,2016년 02월,0
H40,10_14세,2016년 02월,539
H40,5_9세,2016년 02월,234
H40,5세미만,2016년 02월,60
J00,10_14세,2016년 02월,24546
J00,5_9세,2016년 02월,62959
J00,5세미만,2016년 02월,153149
J01,10_14세,2016년 02월,35545
J01,5_9세,2016년 02월,112818
J01,5세미만,2016년 02월,170746
J02,10_14세,2016년 02월,37549
J02,5_9세,2016년 02월,86042
J02,5세미만,2016년 02월,145262
J03,10_14세,2016년 02월,54068
J03,5_9세,2016년 02월,110084
J03,5세미만,2016년 02월,128904
J04,10_14세,2016년 02월,22867
J04,5_9세,2016년 02월,37759
J04,5세미만,2016년 02월,38355
J06,10_14세,2016년 02월,42031
J06,5_9세,2016년 02월,87092
J06,5세미만,2016년 02월,165530
K12,10_14세,2016년 02월,4764
K12,5_9세,2016년 02월,6546
K12,5세미만,2016년 02월,5272
H10,10_14세,2016년 03월,18738
H10,5_9세,2016년 03월,32979
H10,5세미만,2016년 03월,53421
H16,10_14세,2016년 03월,5287
H16,5_9세,2016년 03월,4568
H16,5세미만,2016년 03월,4675
H20,10_14세,2016년 03월,142
H20,5_9세,2016년 03월,73
H20,5세미만,2016년 03월,17
H30,10_14세,2016년 03월,12
H30,5_9세,2016년 03월,2
H30,5세미만,2016년 03월,1
H40,10_14세,2016년 03월,467
H40,5_9세,2016년 03월,238
H40,5세미만,2016년 03월,86
J00,10_14세,2016년 03월,35745
J00,5_9세,2016년 03월,73359
J00,5세미만,2016년 03월,195351
J01,10_14세,2016년 03월,50697
J01,5_9세,2016년 03월,130826
J01,5세미만,2016년 03월,221795
J02,10_14세,2016년 03월,58974
J02,5_9세,2016년 03월,96947
J02,5세미만,2016년 03월,162499
J03,10_14세,2016년 03월,81848
J03,5_9세,2016년 03월,117856
J03,5세미만,2016년 03월,135235
J04,10_14세,2016년 03월,34500
J04,5_9세,2016년 03월,44159
J04,5세미만,2016년 03월,46303
J06,10_14세,2016년 03월,63241
J06,5_9세,2016년 03월,98624
J06,5세미만,2016년 03월,201460
K12,10_14세,2016년 03월,3886
K12,5_9세,2016년 03월,6517
K12,5세미만,2016년 03월,5666
H10,10_14세,2016년 04월,33773
H10,5_9세,2016년 04월,58832
H10,5세미만,2016년 04월,73772
H16,10_14세,2016년 04월,6004
H16,5_9세,2016년 04월,6288
H16,5세미만,2016년 04월,5983
H20,10_14세,2016년 04월,179
H20,5_9세,2016년 04월,74
H20,5세미만,2016년 04월,17
H30,10_14세,2016년 04월,9
H30,5_9세,2016년 04월,3
H30,5세미만,2016년 04월,3
H40,10_14세,2016년 04월,476
H40,5_9세,2016년 04월,278
H40,5세미만,2016년 04월,76
J00,10_14세,2016년 04월,27722
J00,5_9세,2016년 04월,57144
J00,5세미만,2016년 04월,169355
J01,10_14세,2016년 04월,48676
J01,5_9세,2016년 04월,117020
J01,5세미만,2016년 04월,209482
J02,10_14세,2016년 04월,44392
J02,5_9세,2016년 04월,76834
J02,5세미만,2016년 04월,150714
J03,10_14세,2016년 04월,61937
J03,5_9세,2016년 04월,94086
J03,5세미만,2016년 04월,132224
J04,10_14세,2016년 04월,28390
J04,5_9세,2016년 04월,36961
J04,5세미만,2016년 04월,43007
J06,10_14세,2016년 04월,49162
J06,5_9세,2016년 04월,77467
J06,5세미만,2016년 04월,176613
K12,10_14세,2016년 04월,3273
K12,5_9세,2016년 04월,6124
K12,5세미만,2016년 04월,5791
H10,10_14세,2016년 05월,28301
H10,5_9세,2016년 05월,54095
H10,5세미만,2016년 05월,73847
H16,10_14세,2016년 05월,6003
H16,5_9세,2016년 05월,6277
H16,5세미만,2016년 05월,5918
H20,10_14세,2016년 05월,184
H20,5_9세,2016년 05월,71
H20,5세미만,2016년 05월,19
H30,10_14세,2016년 05월,13
H30,5_9세,2016년 05월,3
H30,5세미만,2016년 05월,0
H40,10_14세,2016년 05월,494
H40,5_9세,2016년 05월,279
H40,5세미만,2016년 05월,72
J00,10_14세,2016년 05월,19073
J00,5_9세,2016년 05월,47020
J00,5세미만,2016년 05월,159945
J01,10_14세,2016년 05월,34539
J01,5_9세,2016년 05월,94455
J01,5세미만,2016년 05월,182963
J02,10_14세,2016년 05월,31098
J02,5_9세,2016년 05월,64579
J02,5세미만,2016년 05월,160585
J03,10_14세,2016년 05월,44711
J03,5_9세,2016년 05월,85773
J03,5세미만,2016년 05월,156250
J04,10_14세,2016년 05월,19567
J04,5_9세,2016년 05월,30043
J04,5세미만,2016년 05월,41116
J06,10_14세,2016년 05월,33722
J06,5_9세,2016년 05월,64417
J06,5세미만,2016년 05월,171820
K12,10_14세,2016년 05월,3671
K12,5_9세,2016년 05월,7129
K12,5세미만,2016년 05월,9877
H10,10_14세,2016년 06월,28195
H10,5_9세,2016년 06월,50047
H10,5세미만,2016년 06월,64391
H16,10_14세,2016년 06월,6166
H16,5_9세,2016년 06월,5943
H16,5세미만,2016년 06월,5141
H20,10_14세,2016년 06월,204
H20,5_9세,2016년 06월,89
H20,5세미만,2016년 06월,12
H30,10_14세,2016년 06월,10
H30,5_9세,2016년 06월,5
H30,5세미만,2016년 06월,0
H40,10_14세,2016년 06월,454
H40,5_9세,2016년 06월,245
H40,5세미만,2016년 06월,64
J00,10_14세,2016년 06월,15846
J00,5_9세,2016년 06월,41357
J00,5세미만,2016년 06월,144503
J01,10_14세,2016년 06월,24531
J01,5_9세,2016년 06월,65638
J01,5세미만,2016년 06월,129630
J02,10_14세,2016년 06월,28499
J02,5_9세,2016년 06월,69323
J02,5세미만,2016년 06월,177467
J03,10_14세,2016년 06월,42023
J03,5_9세,2016년 06월,98931
J03,5세미만,2016년 06월,185320
J04,10_14세,2016년 06월,15953
J04,5_9세,2016년 06월,23580
J04,5세미만,2016년 06월,33269
J06,10_14세,2016년 06월,28385
J06,5_9세,2016년 06월,57957
J06,5세미만,2016년 06월,156482
K12,10_14세,2016년 06월,4034
K12,5_9세,2016년 06월,9554
K12,5세미만,2016년 06월,20212
H10,10_14세,2016년 07월,32661
H10,5_9세,2016년 07월,63665
H10,5세미만,2016년 07월,64105
H16,10_14세,2016년 07월,5893
H16,5_9세,2016년 07월,6686
H16,5세미만,2016년 07월,5115
H20,10_14세,2016년 07월,170
H20,5_9세,2016년 07월,78
H20,5세미만,2016년 07월,27
H30,10_14세,2016년 07월,15
H30,5_9세,2016년 07월,10
H30,5세미만,2016년 07월,0
H40,10_14세,2016년 07월,518
H40,5_9세,2016년 07월,264
H40,5세미만,2016년 07월,72
J00,10_14세,2016년 07월,15929
J00,5_9세,2016년 07월,46596
J00,5세미만,2016년 07월,145305
J01,10_14세,2016년 07월,22943
J01,5_9세,2016년 07월,66052
J01,5세미만,2016년 07월,116720
J02,10_14세,2016년 07월,29277
J02,5_9세,2016년 07월,84203
J02,5세미만,2016년 07월,190967
J03,10_14세,2016년 07월,43554
J03,5_9세,2016년 07월,121734
J03,5세미만,2016년 07월,198614
J04,10_14세,2016년 07월,14850
J04,5_9세,2016년 07월,25179
J04,5세미만,2016년 07월,32903
J06,10_14세,2016년 07월,27994
J06,5_9세,2016년 07월,67610
J06,5세미만,2016년 07월,162440
K12,10_14세,2016년 07월,4488
K12,5_9세,2016년 07월,9669
K12,5세미만,2016년 07월,18521
H10,10_14세,2016년 08월,45705
H10,5_9세,2016년 08월,81139
H10,5세미만,2016년 08월,72252
H16,10_14세,2016년 08월,7087
H16,5_9세,2016년 08월,8224
H16,5세미만,2016년 08월,5857
H20,10_14세,2016년 08월,159
H20,5_9세,2016년 08월,76
H20,5세미만,2016년 08월,19
H30,10_14세,2016년 08월,14
H30,5_9세,2016년 08월,10
H30,5세미만,2016년 08월,0
H40,10_14세,2016년 08월,748
H40,5_9세,2016년 08월,311
H40,5세미만,2016년 08월,72
J00,10_14세,2016년 08월,14284
J00,5_9세,2016년 08월,43545
J00,5세미만,2016년 08월,136587
J01,10_14세,2016년 08월,21108
J01,5_9세,2016년 08월,65861
J01,5세미만,2016년 08월,111826
J02,10_14세,2016년 08월,23995
J02,5_9세,2016년 08월,67219
J02,5세미만,2016년 08월,158818
J03,10_14세,2016년 08월,35009
J03,5_9세,2016년 08월,88738
J03,5세미만,2016년 08월,152058
J04,10_14세,2016년 08월,12802
J04,5_9세,2016년 08월,24722
J04,5세미만,2016년 08월,32236
J06,10_14세,2016년 08월,23550
J06,5_9세,2016년 08월,59189
J06,5세미만,2016년 08월,146398
K12,10_14세,2016년 08월,5244
K12,5_9세,2016년 08월,8414
K12,5세미만,2016년 08월,11428
H10,10_14세,2016년 09월,42265
H10,5_9세,2016년 09월,64063
H10,5세미만,2016년 09월,58456
H16,10_14세,2016년 09월,6534
H16,5_9세,2016년 09월,6630
H16,5세미만,2016년 09월,4938
H20,10_14세,2016년 09월,156
H20,5_9세,2016년 09월,72
H20,5세미만,2016년 09월,19
H30,10_14세,2016년 09월,12
H30,5_9세,2016년 09월,6
H30,5세미만,2016년 09월,0
H40,10_14세,2016년 09월,425
H40,5_9세,2016년 09월,223
H40,5세미만,2016년 09월,82
J00,10_14세,2016년 09월,22075
J00,5_9세,2016년 09월,50922
J00,5세미만,2016년 09월,149046
J01,10_14세,2016년 09월,36134
J01,5_9세,2016년 09월,90703
J01,5세미만,2016년 09월,141235
J02,10_14세,2016년 09월,32641
J02,5_9세,2016년 09월,66499
J02,5세미만,2016년 09월,142689
J03,10_14세,2016년 09월,42111
J03,5_9세,2016년 09월,81571
J03,5세미만,2016년 09월,125996
J04,10_14세,2016년 09월,20573
J04,5_9세,2016년 09월,30954
J04,5세미만,2016년 09월,34101
J06,10_14세,2016년 09월,35397
J06,5_9세,2016년 09월,67732
J06,5세미만,2016년 09월,155358
K12,10_14세,2016년 09월,3343
K12,5_9세,2016년 09월,6092
K12,5세미만,2016년 09월,7657
H10,10_14세,2016년 10월,24125
H10,5_9세,2016년 10월,41470
H10,5세미만,2016년 10월,48414
H16,10_14세,2016년 10월,5300
H16,5_9세,2016년 10월,5079
H16,5세미만,2016년 10월,4045
H20,10_14세,2016년 10월,152
H20,5_9세,2016년 10월,64
H20,5세미만,2016년 10월,17
H30,10_14세,2016년 10월,12
H30,5_9세,2016년 10월,7
H30,5세미만,2016년 10월,1
H40,10_14세,2016년 10월,433
H40,5_9세,2016년 10월,224
H40,5세미만,2016년 10월,64
J00,10_14세,2016년 10월,23738
J00,5_9세,2016년 10월,60944
J00,5세미만,2016년 10월,171287
J01,10_14세,2016년 10월,38100
J01,5_9세,2016년 10월,111990
J01,5세미만,2016년 10월,173809
J02,10_14세,2016년 10월,34229
J02,5_9세,2016년 10월,73471
J02,5세미만,2016년 10월,143276
J03,10_14세,2016년 10월,45338
J03,5_9세,2016년 10월,86397
J03,5세미만,2016년 10월,119329
J04,10_14세,2016년 10월,22183
J04,5_9세,2016년 10월,37381
J04,5세미만,2016년 10월,39616
J06,10_14세,2016년 10월,38375
J06,5_9세,2016년 10월,79336
J06,5세미만,2016년 10월,171277
K12,10_14세,2016년 10월,3562
K12,5_9세,2016년 10월,6033
K12,5세미만,2016년 10월,7216
H10,10_14세,2016년 11월,19009
H10,5_9세,2016년 11월,33506
H10,5세미만,2016년 11월,47271
H16,10_14세,2016년 11월,4962
H16,5_9세,2016년 11월,4478
H16,5세미만,2016년 11월,3930
H20,10_14세,2016년 11월,137
H20,5_9세,2016년 11월,68
H20,5세미만,2016년 11월,20
H30,10_14세,2016년 11월,10
H30,5_9세,2016년 11월,5
H30,5세미만,2016년 11월,2
H40,10_14세,2016년 11월,382
H40,5_9세,2016년 11월,215
H40,5세미만,2016년 11월,59
J00,10_14세,2016년 11월,30243
J00,5_9세,2016년 11월,63720
J00,5세미만,2016년 11월,166545
J01,10_14세,2016년 11월,49519
J01,5_9세,2016년 11월,127251
J01,5세미만,2016년 11월,189088
J02,10_14세,2016년 11월,46345
J02,5_9세,2016년 11월,76945
J02,5세미만,2016년 11월,136124
J03,10_14세,2016년 11월,60692
J03,5_9세,2016년 11월,93300
J03,5세미만,2016년 11월,114565
J04,10_14세,2016년 11월,29584
J04,5_9세,2016년 11월,40974
J04,5세미만,2016년 11월,42892
J06,10_14세,2016년 11월,51672
J06,5_9세,2016년 11월,84452
J06,5세미만,2016년 11월,168636
K12,10_14세,2016년 11월,3446
K12,5_9세,2016년 11월,5677
K12,5세미만,2016년 11월,5756
H10,10_14세,2016년 12월,16139
H10,5_9세,2016년 12월,31672
H10,5세미만,2016년 12월,50150
H16,10_14세,2016년 12월,4750
H16,5_9세,2016년 12월,4375
H16,5세미만,2016년 12월,4205
H20,10_14세,2016년 12월,139
H20,5_9세,2016년 12월,70
H20,5세미만,2016년 12월,15
H30,10_14세,2016년 12월,9
H30,5_9세,2016년 12월,8
H30,5세미만,2016년 12월,1
H40,10_14세,2016년 12월,447
H40,5_9세,2016년 12월,220
H40,5세미만,2016년 12월,81
J00,10_14세,2016년 12월,53102
J00,5_9세,2016년 12월,83571
J00,5세미만,2016년 12월,162115
J01,10_14세,2016년 12월,67461
J01,5_9세,2016년 12월,147941
J01,5세미만,2016년 12월,186800
J02,10_14세,2016년 12월,81327
J02,5_9세,2016년 12월,109713
J02,5세미만,2016년 12월,142146
J03,10_14세,2016년 12월,102592
J03,5_9세,2016년 12월,128763
J03,5세미만,2016년 12월,121409
J04,10_14세,2016년 12월,48641
J04,5_9세,2016년 12월,51594
J04,5세미만,2016년 12월,42616
J06,10_14세,2016년 12월,92191
J06,5_9세,2016년 12월,113495
J06,5세미만,2016년 12월,169435
K12,10_14세,2016년 12월,4049
K12,5_9세,2016년 12월,5970
K12,5세미만,2016년 12월,5156
H10,10_14세,2017년 01월,16218
H10,5_9세,2017년 01월,31361
H10,5세미만,2017년 01월,44590
H16,10_14세,2017년 01월,4141
H16,5_9세,2017년 01월,4085
H16,5세미만,2017년 01월,3602
H20,10_14세,2017년 01월,119
H20,5_9세,2017년 01월,57
H20,5세미만,2017년 01월,22
H30,10_14세,2017년 01월,15
H30,5_9세,2017년 01월,4
H30,5세미만,2017년 01월,1
H40,10_14세,2017년 01월,565
H40,5_9세,2017년 01월,207
H40,5세미만,2017년 01월,66
J00,10_14세,2017년 01월,16976
J00,5_9세,2017년 01월,45129
J00,5세미만,2017년 01월,132924
J01,10_14세,2017년 01월,32679
J01,5_9세,2017년 01월,91151
J01,5세미만,2017년 01월,146616
J02,10_14세,2017년 01월,23997
J02,5_9세,2017년 01월,53580
J02,5세미만,2017년 01월,109972
J03,10_14세,2017년 01월,31421
J03,5_9세,2017년 01월,63883
J03,5세미만,2017년 01월,90680
J04,10_14세,2017년 01월,16283
J04,5_9세,2017년 01월,26955
J04,5세미만,2017년 01월,30926
J06,10_14세,2017년 01월,27234
J06,5_9세,2017년 01월,58333
J06,5세미만,2017년 01월,134311
K12,10_14세,2017년 01월,4188
K12,5_9세,2017년 01월,6041
K12,5세미만,2017년 01월,4603
H10,10_14세,2017년 02월,16335
H10,5_9세,2017년 02월,30284
H10,5세미만,2017년 02월,43496
H16,10_14세,2017년 02월,4554
H16,5_9세,2017년 02월,4352
H16,5세미만,2017년 02월,3617
H20,10_14세,2017년 02월,118
H20,5_9세,2017년 02월,57
H20,5세미만,2017년 02월,21
H30,10_14세,2017년 02월,13
H30,5_9세,2017년 02월,3
H30,5세미만,2017년 02월,1
H40,10_14세,2017년 02월,577
H40,5_9세,2017년 02월,272
H40,5세미만,2017년 02월,82
J00,10_14세,2017년 02월,15399
J00,5_9세,2017년 02월,48784
J00,5세미만,2017년 02월,142334
J01,10_14세,2017년 02월,30326
J01,5_9세,2017년 02월,100769
J01,5세미만,2017년 02월,162267
J02,10_14세,2017년 02월,22837
J02,5_9세,2017년 02월,54322
J02,5세미만,2017년 02월,107656
J03,10_14세,2017년 02월,30061
J03,5_9세,2017년 02월,64898
J03,5세미만,2017년 02월,86458
J04,10_14세,2017년 02월,14935
J04,5_9세,2017년 02월,28732
J04,5세미만,2017년 02월,31478
J06,10_14세,2017년 02월,25085
J06,5_9세,2017년 02월,60957
J06,5세미만,2017년 02월,139474
K12,10_14세,2017년 02월,4380
K12,5_9세,2017년 02월,6709
K12,5세미만,2017년 02월,4854
H10,10_14세,2017년 03월,17520
H10,5_9세,2017년 03월,32988
H10,5세미만,2017년 03월,49856
H16,10_14세,2017년 03월,4792
H16,5_9세,2017년 03월,4543
H16,5세미만,2017년 03월,4139
H20,10_14세,2017년 03월,130
H20,5_9세,2017년 03월,62
H20,5세미만,2017년 03월,24
H30,10_14세,2017년 03월,11
H30,5_9세,2017년 03월,7
H30,5세미만,2017년 03월,2
H40,10_14세,2017년 03월,475
H40,5_9세,2017년 03월,225
H40,5세미만,2017년 03월,94
J00,10_14세,2017년 03월,29755
J00,5_9세,2017년 03월,60975
J00,5세미만,2017년 03월,170446
J01,10_14세,2017년 03월,47975
J01,5_9세,2017년 03월,117193
J01,5세미만,2017년 03월,195827
J02,10_14세,2017년 03월,45656
J02,5_9세,2017년 03월,71318
J02,5세미만,2017년 03월,131846
J03,10_14세,2017년 03월,59071
J03,5_9세,2017년 03월,85885
J03,5세미만,2017년 03월,107556
J04,10_14세,2017년 03월,28269
J04,5_9세,2017년 03월,37056
J04,5세미만,2017년 03월,39204
J06,10_14세,2017년 03월,48945
J06,5_9세,2017년 03월,77582
J06,5세미만,2017년 03월,167288
K12,10_14세,2017년 03월,3551
K12,5_9세,2017년 03월,6258
K12,5세미만,2017년 03월,5035
H10,10_14세,2017년 04월,31148
H10,5_9세,2017년 04월,56667
H10,5세미만,2017년 04월,68023
H16,10_14세,2017년 04월,5848
H16,5_9세,2017년 04월,6259
H16,5세미만,2017년 04월,5199
H20,10_14세,2017년 04월,164
H20,5_9세,2017년 04월,79
H20,5세미만,2017년 04월,19
H30,10_14세,2017년 04월,9
H30,5_9세,2017년 04월,5
H30,5세미만,2017년 04월,3
H40,10_14세,2017년 04월,469
H40,5_9세,2017년 04월,262
H40,5세미만,2017년 04월,64
J00,10_14세,2017년 04월,28540
J00,5_9세,2017년 04월,56665
J00,5세미만,2017년 04월,158186
J01,10_14세,2017년 04월,50284
J01,5_9세,2017년 04월,113513
J01,5세미만,2017년 04월,193589
J02,10_14세,2017년 04월,43605
J02,5_9세,2017년 04월,71067
J02,5세미만,2017년 04월,133517
J03,10_14세,2017년 04월,58155
J03,5_9세,2017년 04월,89345
J03,5세미만,2017년 04월,117619
J04,10_14세,2017년 04월,28744
J04,5_9세,2017년 04월,35742
J04,5세미만,2017년 04월,40371
J06,10_14세,2017년 04월,48236
J06,5_9세,2017년 04월,73123
J06,5세미만,2017년 04월,157291
K12,10_14세,2017년 04월,3408
K12,5_9세,2017년 04월,5894
K12,5세미만,2017년 04월,5288
H10,10_14세,2017년 05월,32056
H10,5_9세,2017년 05월,61562
H10,5세미만,2017년 05월,69849
H16,10_14세,2017년 05월,6294
H16,5_9세,2017년 05월,6546
H16,5세미만,2017년 05월,5337
H20,10_14세,2017년 05월,156
H20,5_9세,2017년 05월,63
H20,5세미만,2017년 05월,16
H30,10_14세,2017년 05월,12
H30,5_9세,2017년 05월,4
H30,5세미만,2017년 05월,1
H40,10_14세,2017년 05월,520
H40,5_9세,2017년 05월,340
H40,5세미만,2017년 05월,87
J00,10_14세,2017년 05월,19051
J00,5_9세,2017년 05월,45610
J00,5세미만,2017년 05월,149796
J01,10_14세,2017년 05월,32430
J01,5_9세,2017년 05월,83514
J01,5세미만,2017년 05월,164818
J02,10_14세,2017년 05월,29846
J02,5_9세,2017년 05월,61358
J02,5세미만,2017년 05월,142816
J03,10_14세,2017년 05월,42760
J03,5_9세,2017년 05월,83138
J03,5세미만,2017년 05월,133917
J04,10_14세,2017년 05월,19224
J04,5_9세,2017년 05월,28637
J04,5세미만,2017년 05월,38253
J06,10_14세,2017년 05월,31783
J06,5_9세,2017년 05월,58895
J06,5세미만,2017년 05월,151371
K12,10_14세,2017년 05월,3790
K12,5_9세,2017년 05월,6954
K12,5세미만,2017년 05월,7518
H10,10_14세,2017년 06월,26372
H10,5_9세,2017년 06월,47023
H10,5세미만,2017년 06월,56817
H16,10_14세,2017년 06월,6166
H16,5_9세,2017년 06월,5915
H16,5세미만,2017년 06월,4654
H20,10_14세,2017년 06월,173
H20,5_9세,2017년 06월,65
H20,5세미만,2017년 06월,18
H30,10_14세,2017년 06월,5
H30,5_9세,2017년 06월,7
H30,5세미만,2017년 06월,2
H40,10_14세,2017년 06월,517
H40,5_9세,2017년 06월,329
H40,5세미만,2017년 06월,89
J00,10_14세,2017년 06월,16502
J00,5_9세,2017년 06월,43398
J00,5세미만,2017년 06월,142332
J01,10_14세,2017년 06월,24586
J01,5_9세,2017년 06월,70692
J01,5세미만,2017년 06월,143537
J02,10_14세,2017년 06월,27880
J02,5_9세,2017년 06월,65383
J02,5세미만,2017년 06월,150552
J03,10_14세,2017년 06월,40587
J03,5_9세,2017년 06월,93629
J03,5세미만,2017년 06월,151327
J04,10_14세,2017년 06월,15401
J04,5_9세,2017년 06월,25618
J04,5세미만,2017년 06월,34715
J06,10_14세,2017년 06월,27371
J06,5_9세,2017년 06월,56666
J06,5세미만,2017년 06월,147999
K12,10_14세,2017년 06월,4008
K12,5_9세,2017년 06월,8167
K12,5세미만,2017년 06월,15606
H10,10_14세,2017년 07월,30847
H10,5_9세,2017년 07월,62135
H10,5세미만,2017년 07월,61781
H16,10_14세,2017년 07월,5726
H16,5_9세,2017년 07월,6714
H16,5세미만,2017년 07월,4973
H20,10_14세,2017년 07월,133
H20,5_9세,2017년 07월,70
H20,5세미만,2017년 07월,15
H30,10_14세,2017년 07월,7
H30,5_9세,2017년 07월,5
H30,5세미만,2017년 07월,2
H40,10_14세,2017년 07월,521
H40,5_9세,2017년 07월,313
H40,5세미만,2017년 07월,99
J00,10_14세,2017년 07월,15517
J00,5_9세,2017년 07월,47681
J00,5세미만,2017년 07월,142432
J01,10_14세,2017년 07월,21217
J01,5_9세,2017년 07월,64588
J01,5세미만,2017년 07월,119972
J02,10_14세,2017년 07월,27885
J02,5_9세,2017년 07월,81310
J02,5세미만,2017년 07월,174950
J03,10_14세,2017년 07월,40337
J03,5_9세,2017년 07월,115482
J03,5세미만,2017년 07월,176257
J04,10_14세,2017년 07월,14589
J04,5_9세,2017년 07월,26787
J04,5세미만,2017년 07월,33629
J06,10_14세,2017년 07월,26073
J06,5_9세,2017년 07월,65221
J06,5세미만,2017년 07월,153642
K12,10_14세,2017년 07월,4559
K12,5_9세,2017년 07월,11223
K12,5세미만,2017년 07월,29643
H10,10_14세,2017년 08월,48339
H10,5_9세,2017년 08월,86031
H10,5세미만,2017년 08월,66421
H16,10_14세,2017년 08월,7460
H16,5_9세,2017년 08월,8432
H16,5세미만,2017년 08월,5454
H20,10_14세,2017년 08월,142
H20,5_9세,2017년 08월,68
H20,5세미만,2017년 08월,16
H30,10_14세,2017년 08월,17
H30,5_9세,2017년 08월,6
H30,5세미만,2017년 08월,4
H40,10_14세,2017년 08월,784
H40,5_9세,2017년 08월,422
H40,5세미만,2017년 08월,85
J00,10_14세,2017년 08월,17682
J00,5_9세,2017년 08월,46961
J00,5세미만,2017년 08월,138114
J01,10_14세,2017년 08월,26054
J01,5_9세,2017년 08월,68426
J01,5세미만,2017년 08월,114349
J02,10_14세,2017년 08월,28693
J02,5_9세,2017년 08월,67321
J02,5세미만,2017년 08월,145937
J03,10_14세,2017년 08월,38566
J03,5_9세,2017년 08월,87518
J03,5세미만,2017년 08월,135432
J04,10_14세,2017년 08월,16245
J04,5_9세,2017년 08월,27394
J04,5세미만,2017년 08월,31399
J06,10_14세,2017년 08월,28400
J06,5_9세,2017년 08월,59646
J06,5세미만,2017년 08월,140300
K12,10_14세,2017년 08월,5262
K12,5_9세,2017년 08월,9421
K12,5세미만,2017년 08월,17107
H10,10_14세,2017년 09월,41973
H10,5_9세,2017년 09월,62842
H10,5세미만,2017년 09월,53263
H16,10_14세,2017년 09월,6461
H16,5_9세,2017년 09월,6578
H16,5세미만,2017년 09월,4405
H20,10_14세,2017년 09월,164
H20,5_9세,2017년 09월,73
H20,5세미만,2017년 09월,9
H30,10_14세,2017년 09월,8
H30,5_9세,2017년 09월,6
H30,5세미만,2017년 09월,3
H40,10_14세,2017년 09월,505
H40,5_9세,2017년 09월,283
H40,5세미만,2017년 09월,100
J00,10_14세,2017년 09월,30691
J00,5_9세,2017년 09월,60396
J00,5세미만,2017년 09월,157634
J01,10_14세,2017년 09월,49216
J01,5_9세,2017년 09월,101103
J01,5세미만,2017년 09월,151597
J02,10_14세,2017년 09월,45885
J02,5_9세,2017년 09월,78114
J02,5세미만,2017년 09월,144964
J03,10_14세,2017년 09월,56254
J03,5_9세,2017년 09월,96883
J03,5세미만,2017년 09월,129609
J04,10_14세,2017년 09월,29030
J04,5_9세,2017년 09월,37279
J04,5세미만,2017년 09월,37237
J06,10_14세,2017년 09월,48192
J06,5_9세,2017년 09월,77707
J06,5세미만,2017년 09월,160327
K12,10_14세,2017년 09월,3998
K12,5_9세,2017년 09월,7151
K12,5세미만,2017년 09월,11557
H10,10_14세,2017년 10월,21563
H10,5_9세,2017년 10월,39192
H10,5세미만,2017년 10월,41142
H16,10_14세,2017년 10월,4506
H16,5_9세,2017년 10월,4539
H16,5세미만,2017년 10월,3507
H20,10_14세,2017년 10월,128
H20,5_9세,2017년 10월,53
H20,5세미만,2017년 10월,6
H30,10_14세,2017년 10월,8
H30,5_9세,2017년 10월,4
H30,5세미만,2017년 10월,2
H40,10_14세,2017년 10월,407
H40,5_9세,2017년 10월,206
H40,5세미만,2017년 10월,71
J00,10_14세,2017년 10월,20382
J00,5_9세,2017년 10월,54546
J00,5세미만,2017년 10월,153821
J01,10_14세,2017년 10월,31019
J01,5_9세,2017년 10월,90215
J01,5세미만,2017년 10월,150655
J02,10_14세,2017년 10월,29487
J02,5_9세,2017년 10월,64198
J02,5세미만,2017년 10월,126645
J03,10_14세,2017년 10월,37459
J03,5_9세,2017년 10월,77094
J03,5세미만,2017년 10월,102025
J04,10_14세,2017년 10월,18415
J04,5_9세,2017년 10월,32383
J04,5세미만,2017년 10월,35739
J06,10_14세,2017년 10월,31736
J06,5_9세,2017년 10월,67923
J06,5세미만,2017년 10월,154087
K12,10_14세,2017년 10월,3239
K12,5_9세,2017년 10월,5608
K12,5세미만,2017년 10월,6534
H10,10_14세,2017년 11월,18414
H10,5_9세,2017년 11월,33870
H10,5세미만,2017년 11월,42162
H16,10_14세,2017년 11월,4787
H16,5_9세,2017년 11월,4660
H16,5세미만,2017년 11월,3652
H20,10_14세,2017년 11월,151
H20,5_9세,2017년 11월,57
H20,5세미만,2017년 11월,13
H30,10_14세,2017년 11월,12
H30,5_9세,2017년 11월,3
H30,5세미만,2017년 11월,5
H40,10_14세,2017년 11월,446
H40,5_9세,2017년 11월,260
H40,5세미만,2017년 11월,74
J00,10_14세,2017년 11월,31638
J00,5_9세,2017년 11월,67773
J00,5세미만,2017년 11월,165445
J01,10_14세,2017년 11월,49608
J01,5_9세,2017년 11월,127452
J01,5세미만,2017년 11월,193268
J02,10_14세,2017년 11월,45113
J02,5_9세,2017년 11월,76158
J02,5세미만,2017년 11월,127871
J03,10_14세,2017년 11월,56756
J03,5_9세,2017년 11월,89896
J03,5세미만,2017년 11월,102270
J04,10_14세,2017년 11월,28396
J04,5_9세,2017년 11월,41342
J04,5세미만,2017년 11월,41739
J06,10_14세,2017년 11월,49458
J06,5_9세,2017년 11월,84260
J06,5세미만,2017년 11월,163729
K12,10_14세,2017년 11월,3703
K12,5_9세,2017년 11월,5762
K12,5세미만,2017년 11월,5438
H10,10_14세,2017년 12월,15649
H10,5_9세,2017년 12월,32183
H10,5세미만,2017년 12월,43604
H16,10_14세,2017년 12월,4415
H16,5_9세,2017년 12월,4410
H16,5세미만,2017년 12월,3815
H20,10_14세,2017년 12월,153
H20,5_9세,2017년 12월,54
H20,5세미만,2017년 12월,7
H30,10_14세,2017년 12월,6
H30,5_9세,2017년 12월,5
H30,5세미만,2017년 12월,3
H40,10_14세,2017년 12월,450
H40,5_9세,2017년 12월,242
H40,5세미만,2017년 12월,76
J00,10_14세,2017년 12월,43560
J00,5_9세,2017년 12월,76983
J00,5세미만,2017년 12월,149694
J01,10_14세,2017년 12월,58961
J01,5_9세,2017년 12월,133783
J01,5세미만,2017년 12월,173265
J02,10_14세,2017년 12월,64989
J02,5_9세,2017년 12월,96792
J02,5세미만,2017년 12월,128693
J03,10_14세,2017년 12월,80625
J03,5_9세,2017년 12월,114435
J03,5세미만,2017년 12월,105355
J04,10_14세,2017년 12월,38641
J04,5_9세,2017년 12월,45617
J04,5세미만,2017년 12월,39704
J06,10_14세,2017년 12월,71595
J06,5_9세,2017년 12월,99778
J06,5세미만,2017년 12월,154326
K12,10_14세,2017년 12월,3774
K12,5_9세,2017년 12월,5846
K12,5세미만,2017년 12월,4897
H10,10_14세,2018년 01월,17310
H10,5_9세,2018년 01월,33256
H10,5세미만,2018년 01월,41661
H16,10_14세,2018년 01월,4690
H16,5_9세,2018년 01월,4521
H16,5세미만,2018년 01월,3717
H20,10_14세,2018년 01월,124
H20,5_9세,2018년 01월,45
H20,5세미만,2018년 01월,10
H30,10_14세,2018년 01월,14
H30,5_9세,2018년 01월,6
H30,5세미만,2018년 01월,2
H40,10_14세,2018년 01월,605
H40,5_9세,2018년 01월,256
H40,5세미만,2018년 01월,84
J00,10_14세,2018년 01월,23542
J00,5_9세,2018년 01월,54384
J00,5세미만,2018년 01월,124063
J01,10_14세,2018년 01월,36518
J01,5_9세,2018년 01월,91784
J01,5세미만,2018년 01월,129289
J02,10_14세,2018년 01월,33053
J02,5_9세,2018년 01월,68416
J02,5세미만,2018년 01월,114252
J03,10_14세,2018년 01월,39373
J03,5_9세,2018년 01월,75751
J03,5세미만,2018년 01월,91151
J04,10_14세,2018년 01월,21087
J04,5_9세,2018년 01월,32072
J04,5세미만,2018년 01월,31492
J06,10_14세,2018년 01월,37410
J06,5_9세,2018년 01월,69710
J06,5세미만,2018년 01월,127433
K12,10_14세,2018년 01월,4278
K12,5_9세,2018년 01월,6407
K12,5세미만,2018년 01월,4499
H10,10_14세,2018년 02월,16513
H10,5_9세,2018년 02월,31046
H10,5세미만,2018년 02월,38442
H16,10_14세,2018년 02월,4405
H16,5_9세,2018년 02월,4443
H16,5세미만,2018년 02월,3402
H20,10_14세,2018년 02월,109
H20,5_9세,2018년 02월,42
H20,5세미만,2018년 02월,13
H30,10_14세,2018년 02월,17
H30,5_9세,2018년 02월,6
H30,5세미만,2018년 02월,1
H40,10_14세,2018년 02월,620
H40,5_9세,2018년 02월,343
H40,5세미만,2018년 02월,90
J00,10_14세,2018년 02월,14803
J00,5_9세,2018년 02월,46502
J00,5세미만,2018년 02월,122025
J01,10_14세,2018년 02월,23826
J01,5_9세,2018년 02월,84949
J01,5세미만,2018년 02월,137989
J02,10_14세,2018년 02월,22058
J02,5_9세,2018년 02월,56632
J02,5세미만,2018년 02월,102505
J03,10_14세,2018년 02월,27185
J03,5_9세,2018년 02월,62375
J03,5세미만,2018년 02월,78975
J04,10_14세,2018년 02월,13526
J04,5_9세,2018년 02월,27117
J04,5세미만,2018년 02월,29500
J06,10_14세,2018년 02월,23557
J06,5_9세,2018년 02월,58865
J06,5세미만,2018년 02월,123005
K12,10_14세,2018년 02월,4011
K12,5_9세,2018년 02월,6055
K12,5세미만,2018년 02월,4207
H10,10_14세,2018년 03월,19952
H10,5_9세,2018년 03월,38180
H10,5세미만,2018년 03월,48525
H16,10_14세,2018년 03월,4972
H16,5_9세,2018년 03월,4879
H16,5세미만,2018년 03월,4132
H20,10_14세,2018년 03월,131
H20,5_9세,2018년 03월,60
H20,5세미만,2018년 03월,12
H30,10_14세,2018년 03월,13
H30,5_9세,2018년 03월,2
H30,5세미만,2018년 03월,3
H40,10_14세,2018년 03월,491
H40,5_9세,2018년 03월,331
H40,5세미만,2018년 03월,89
J00,10_14세,2018년 03월,27564
J00,5_9세,2018년 03월,59928
J00,5세미만,2018년 03월,159629
J01,10_14세,2018년 03월,42580
J01,5_9세,2018년 03월,109780
J01,5세미만,2018년 03월,185874
J02,10_14세,2018년 03월,43663
J02,5_9세,2018년 03월,71101
J02,5세미만,2018년 03월,123586
J03,10_14세,2018년 03월,53446
J03,5_9세,2018년 03월,76780
J03,5세미만,2018년 03월,92548
J04,10_14세,2018년 03월,26833
J04,5_9세,2018년 03월,36309
J04,5세미만,2018년 03월,37690
J06,10_14세,2018년 03월,45343
J06,5_9세,2018년 03월,74252
J06,5세미만,2018년 03월,154429
K12,10_14세,2018년 03월,3832
K12,5_9세,2018년 03월,6436
K12,5세미만,2018년 03월,4925
H10,10_14세,2018년 04월,35330
H10,5_9세,2018년 04월,72085
H10,5세미만,2018년 04월,74644
H16,10_14세,2018년 04월,6080
H16,5_9세,2018년 04월,7660
H16,5세미만,2018년 04월,6010
H20,10_14세,2018년 04월,156
H20,5_9세,2018년 04월,69
H20,5세미만,2018년 04월,20
H30,10_14세,2018년 04월,10
H30,5_9세,2018년 04월,5
H30,5세미만,2018년 04월,0
H40,10_14세,2018년 04월,559
H40,5_9세,2018년 04월,436
H40,5세미만,2018년 04월,116
J00,10_14세,2018년 04월,26631
J00,5_9세,2018년 04월,55041
J00,5세미만,2018년 04월,145487
J01,10_14세,2018년 04월,46083
J01,5_9세,2018년 04월,108617
J01,5세미만,2018년 04월,186806
J02,10_14세,2018년 04월,41441
J02,5_9세,2018년 04월,67060
J02,5세미만,2018년 04월,123040
J03,10_14세,2018년 04월,51654
J03,5_9세,2018년 04월,75999
J03,5세미만,2018년 04월,101773
J04,10_14세,2018년 04월,27369
J04,5_9세,2018년 04월,36209
J04,5세미만,2018년 04월,40418
J06,10_14세,2018년 04월,44871
J06,5_9세,2018년 04월,69342
J06,5세미만,2018년 04월,144382
K12,10_14세,2018년 04월,3425
K12,5_9세,2018년 04월,5628
K12,5세미만,2018년 04월,4910
H10,10_14세,2018년 05월,32372
H10,5_9세,2018년 05월,72179
H10,5세미만,2018년 05월,82219
H16,10_14세,2018년 05월,6001
H16,5_9세,2018년 05월,7759
H16,5세미만,2018년 05월,6450
H20,10_14세,2018년 05월,134
H20,5_9세,2018년 05월,66
H20,5세미만,2018년 05월,16
H30,10_14세,2018년 05월,6
H30,5_9세,2018년 05월,2
H30,5세미만,2018년 05월,2
H40,10_14세,2018년 05월,652
H40,5_9세,2018년 05월,529
H40,5세미만,2018년 05월,140
J00,10_14세,2018년 05월,20266
J00,5_9세,2018년 05월,43980
J00,5세미만,2018년 05월,133518
J01,10_14세,2018년 05월,31959
J01,5_9세,2018년 05월,80511
J01,5세미만,2018년 05월,154134
J02,10_14세,2018년 05월,32567
J02,5_9세,2018년 05월,59854
J02,5세미만,2018년 05월,129163
J03,10_14세,2018년 05월,42627
J03,5_9세,2018년 05월,72042
J03,5세미만,2018년 05월,116047
J04,10_14세,2018년 05월,20304
J04,5_9세,2018년 05월,29893
J04,5세미만,2018년 05월,38933
J06,10_14세,2018년 05월,33586
J06,5_9세,2018년 05월,57131
J06,5세미만,2018년 05월,135723
K12,10_14세,2018년 05월,3679
K12,5_9세,2018년 05월,6400
K12,5세미만,2018년 05월,6798
H10,10_14세,2018년 06월,30456
H10,5_9세,2018년 06월,61583
H10,5세미만,2018년 06월,69724
H16,10_14세,2018년 06월,6241
H16,5_9세,2018년 06월,7104
H16,5세미만,2018년 06월,5886
H20,10_14세,2018년 06월,151
H20,5_9세,2018년 06월,70
H20,5세미만,2018년 06월,25
H30,10_14세,2018년 06월,5
H30,5_9세,2018년 06월,0
H30,5세미만,2018년 06월,4
H40,10_14세,2018년 06월,632
H40,5_9세,2018년 06월,464
H40,5세미만,2018년 06월,112
J00,10_14세,2018년 06월,15601
J00,5_9세,2018년 06월,37871
J00,5세미만,2018년 06월,127659
J01,10_14세,2018년 06월,22758
J01,5_9세,2018년 06월,61980
J01,5세미만,2018년 06월,129632
J02,10_14세,2018년 06월,27870
J02,5_9세,2018년 06월,56933
J02,5세미만,2018년 06월,133466
J03,10_14세,2018년 06월,36875
J03,5_9세,2018년 06월,72917
J03,5세미만,2018년 06월,124086
J04,10_14세,2018년 06월,15400
J04,5_9세,2018년 06월,24073
J04,5세미만,2018년 06월,32855
J06,10_14세,2018년 06월,26731
J06,5_9세,2018년 06월,50092
J06,5세미만,2018년 06월,130271
K12,10_14세,2018년 06월,4012
K12,5_9세,2018년 06월,7800
K12,5세미만,2018년 06월,14852
H10,10_14세,2018년 07월,32532
H10,5_9세,2018년 07월,69523
H10,5세미만,2018년 07월,71651
H16,10_14세,2018년 07월,5993
H16,5_9세,2018년 07월,7519
H16,5세미만,2018년 07월,6090
H20,10_14세,2018년 07월,144
H20,5_9세,2018년 07월,59
H20,5세미만,2018년 07월,16
H30,10_14세,2018년 07월,8
H30,5_9세,2018년 07월,3
H30,5세미만,2018년 07월,3
H40,10_14세,2018년 07월,629
H40,5_9세,2018년 07월,379
H40,5세미만,2018년 07월,111
J00,10_14세,2018년 07월,14772
J00,5_9세,2018년 07월,42954
J00,5세미만,2018년 07월,132284
J01,10_14세,2018년 07월,19417
J01,5_9세,2018년 07월,58998
J01,5세미만,2018년 07월,114829
J02,10_14세,2018년 07월,26193
J02,5_9세,2018년 07월,70246
J02,5세미만,2018년 07월,154516
J03,10_14세,2018년 07월,35787
J03,5_9세,2018년 07월,92481
J03,5세미만,2018년 07월,146286
J04,10_14세,2018년 07월,13538
J04,5_9세,2018년 07월,24128
J04,5세미만,2018년 07월,30573
J06,10_14세,2018년 07월,24341
J06,5_9세,2018년 07월,56815
J06,5세미만,2018년 07월,135664
K12,10_14세,2018년 07월,4358
K12,5_9세,2018년 07월,10141
K12,5세미만,2018년 07월,25656
H10,10_14세,2018년 08월,39203
H10,5_9세,2018년 08월,80345
H10,5세미만,2018년 08월,70630
H16,10_14세,2018년 08월,7051
H16,5_9세,2018년 08월,8748
H16,5세미만,2018년 08월,6291
H20,10_14세,2018년 08월,143
H20,5_9세,2018년 08월,63
H20,5세미만,2018년 08월,27
H30,10_14세,2018년 08월,16
H30,5_9세,2018년 08월,2
H30,5세미만,2018년 08월,2
H40,10_14세,2018년 08월,803
H40,5_9세,2018년 08월,454
H40,5세미만,2018년 08월,90
J00,10_14세,2018년 08월,12498
J00,5_9세,2018년 08월,37408
J00,5세미만,2018년 08월,107057
J01,10_14세,2018년 08월,18052
J01,5_9세,2018년 08월,57073
J01,5세미만,2018년 08월,92572
J02,10_14세,2018년 08월,21660
J02,5_9세,2018년 08월,59348
J02,5세미만,2018년 08월,125759
J03,10_14세,2018년 08월,30808
J03,5_9세,2018년 08월,79531
J03,5세미만,2018년 08월,118354
J04,10_14세,2018년 08월,11735
J04,5_9세,2018년 08월,22997
J04,5세미만,2018년 08월,26183
J06,10_14세,2018년 08월,20509
J06,5_9세,2018년 08월,49203
J06,5세미만,2018년 08월,108591
K12,10_14세,2018년 08월,4868
K12,5_9세,2018년 08월,8739
K12,5세미만,2018년 08월,14379
H10,10_14세,2018년 09월,40982
H10,5_9세,2018년 09월,70252
H10,5세미만,2018년 09월,57471
H16,10_14세,2018년 09월,6186
H16,5_9세,2018년 09월,7248
H16,5세미만,2018년 09월,5014
H20,10_14세,2018년 09월,130
H20,5_9세,2018년 09월,55
H20,5세미만,2018년 09월,17
H30,10_14세,2018년 09월,6
H30,5_9세,2018년 09월,5
H30,5세미만,2018년 09월,2
H40,10_14세,2018년 09월,497
H40,5_9세,2018년 09월,356
H40,5세미만,2018년 09월,86
J00,10_14세,2018년 09월,26614
J00,5_9세,2018년 09월,56294
J00,5세미만,2018년 09월,138423
J01,10_14세,2018년 09월,41307
J01,5_9세,2018년 09월,93503
J01,5세미만,2018년 09월,136710
J02,10_14세,2018년 09월,40012
J02,5_9세,2018년 09월,74663
J02,5세미만,2018년 09월,138846
J03,10_14세,2018년 09월,46764
J03,5_9세,2018년 09월,88210
J03,5세미만,2018년 09월,120791
J04,10_14세,2018년 09월,25432
J04,5_9세,2018년 09월,34920
J04,5세미만,2018년 09월,34203
J06,10_14세,2018년 09월,41971
J06,5_9세,2018년 09월,71864
J06,5세미만,2018년 09월,140000
K12,10_14세,2018년 09월,3513
K12,5_9세,2018년 09월,6329
K12,5세미만,2018년 09월,9454
H10,10_14세,2018년 10월,25294
H10,5_9세,2018년 10월,48784
H10,5세미만,2018년 10월,49537
H16,10_14세,2018년 10월,5500
H16,5_9세,2018년 10월,5889
H16,5세미만,2018년 10월,4588
H20,10_14세,2018년 10월,142
H20,5_9세,2018년 10월,53
H20,5세미만,2018년 10월,26
H30,10_14세,2018년 10월,12
H30,5_9세,2018년 10월,7
H30,5세미만,2018년 10월,2
H40,10_14세,2018년 10월,462
H40,5_9세,2018년 10월,254
H40,5세미만,2018년 10월,99
J00,10_14세,2018년 10월,24135
J00,5_9세,2018년 10월,60571
J00,5세미만,2018년 10월,149698
J01,10_14세,2018년 10월,37188
J01,5_9세,2018년 10월,105599
J01,5세미만,2018년 10월,162183
J02,10_14세,2018년 10월,35795
J02,5_9세,2018년 10월,72225
J02,5세미만,2018년 10월,128762
J03,10_14세,2018년 10월,42306
J03,5_9세,2018년 10월,80736
J03,5세미만,2018년 10월,101884
J04,10_14세,2018년 10월,23009
J04,5_9세,2018년 10월,37653
J04,5세미만,2018년 10월,38739
J06,10_14세,2018년 10월,37939
J06,5_9세,2018년 10월,74538
J06,5세미만,2018년 10월,145975
K12,10_14세,2018년 10월,3496
K12,5_9세,2018년 10월,6162
K12,5세미만,2018년 10월,6606
H10,10_14세,2018년 11월,19245
H10,5_9세,2018년 11월,41625
H10,5세미만,2018년 11월,49855
H16,10_14세,2018년 11월,5038
H16,5_9세,2018년 11월,5650
H16,5세미만,2018년 11월,4455
H20,10_14세,2018년 11월,152
H20,5_9세,2018년 11월,64
H20,5세미만,2018년 11월,18
H30,10_14세,2018년 11월,10
H30,5_9세,2018년 11월,6
H30,5세미만,2018년 11월,3
H40,10_14세,2018년 11월,430
H40,5_9세,2018년 11월,264
H40,5세미만,2018년 11월,79
J00,10_14세,2018년 11월,32563
J00,5_9세,2018년 11월,65291
J00,5세미만,2018년 11월,146060
J01,10_14세,2018년 11월,48900
J01,5_9세,2018년 11월,125721
J01,5세미만,2018년 11월,182217
J02,10_14세,2018년 11월,51879
J02,5_9세,2018년 11월,81513
J02,5세미만,2018년 11월,127865
J03,10_14세,2018년 11월,61051
J03,5_9세,2018년 11월,90066
J03,5세미만,2018년 11월,101809
J04,10_14세,2018년 11월,31544
J04,5_9세,2018년 11월,42462
J04,5세미만,2018년 11월,41912
J06,10_14세,2018년 11월,54543
J06,5_9세,2018년 11월,84346
J06,5세미만,2018년 11월,144279
K12,10_14세,2018년 11월,3691
K12,5_9세,2018년 11월,5767
K12,5세미만,2018년 11월,5575
H10,10_14세,2018년 12월,18443
H10,5_9세,2018년 12월,40435
H10,5세미만,2018년 12월,51043
H16,10_14세,2018년 12월,4929
H16,5_9세,2018년 12월,5416
H16,5세미만,2018년 12월,4562
H20,10_14세,2018년 12월,151
H20,5_9세,2018년 12월,55
H20,5세미만,2018년 12월,15
H30,10_14세,2018년 12월,7
H30,5_9세,2018년 12월,3
H30,5세미만,2018년 12월,1
H40,10_14세,2018년 12월,409
H40,5_9세,2018년 12월,281
H40,5세미만,2018년 12월,69
J00,10_14세,2018년 12월,40831
J00,5_9세,2018년 12월,68374
J00,5세미만,2018년 12월,132788
J01,10_14세,2018년 12월,55210
J01,5_9세,2018년 12월,131796
J01,5세미만,2018년 12월,171597
J02,10_14세,2018년 12월,63693
J02,5_9세,2018년 12월,90585
J02,5세미만,2018년 12월,120878
J03,10_14세,2018년 12월,71252
J03,5_9세,2018년 12월,94799
J03,5세미만,2018년 12월,94214
J04,10_14세,2018년 12월,37809
J04,5_9세,2018년 12월,43752
J04,5세미만,2018년 12월,37969
J06,10_14세,2018년 12월,69270
J06,5_9세,2018년 12월,90792
J06,5세미만,2018년 12월,133201
K12,10_14세,2018년 12월,3729
K12,5_9세,2018년 12월,5291
K12,5세미만,2018년 12월,4632
H10,10_14세,2019년 01월,18697
H10,5_9세,2019년 01월,36323
H10,5세미만,2019년 01월,44998
H16,10_14세,2019년 01월,4849
H16,5_9세,2019년 01월,4953
H16,5세미만,2019년 01월,3964
H20,10_14세,2019년 01월,130
H20,5_9세,2019년 01월,58
H20,5세미만,2019년 01월,19
H30,10_14세,2019년 01월,14
H30,5_9세,2019년 01월,4
H30,5세미만,2019년 01월,1
H40,10_14세,2019년 01월,587
H40,5_9세,2019년 01월,308
H40,5세미만,2019년 01월,58
J00,10_14세,2019년 01월,15283
J00,5_9세,2019년 01월,41209
J00,5세미만,2019년 01월,113538
J01,10_14세,2019년 01월,29509
J01,5_9세,2019년 01월,85022
J01,5세미만,2019년 01월,131624
J02,10_14세,2019년 01월,23279
J02,5_9세,2019년 01월,50415
J02,5세미만,2019년 01월,95424
J03,10_14세,2019년 01월,27303
J03,5_9세,2019년 01월,52090
J03,5세미만,2019년 01월,69540
J04,10_14세,2019년 01월,15699
J04,5_9세,2019년 01월,26003
J04,5세미만,2019년 01월,27521
J06,10_14세,2019년 01월,25392
J06,5_9세,2019년 01월,52229
J06,5세미만,2019년 01월,108676
K12,10_14세,2019년 01월,4013
K12,5_9세,2019년 01월,6048
K12,5세미만,2019년 01월,4365
H10,10_14세,2019년 02월,17698
H10,5_9세,2019년 02월,33082
H10,5세미만,2019년 02월,38823
H16,10_14세,2019년 02월,4612
H16,5_9세,2019년 02월,4416
H16,5세미만,2019년 02월,3382
H20,10_14세,2019년 02월,110
H20,5_9세,2019년 02월,52
H20,5세미만,2019년 02월,14
H30,10_14세,2019년 02월,9
H30,5_9세,2019년 02월,2
H30,5세미만,2019년 02월,2
H40,10_14세,2019년 02월,587
H40,5_9세,2019년 02월,311
H40,5세미만,2019년 02월,54
J00,10_14세,2019년 02월,11140
J00,5_9세,2019년 02월,37901
J00,5세미만,2019년 02월,110050
J01,10_14세,2019년 02월,22552
J01,5_9세,2019년 02월,81869
J01,5세미만,2019년 02월,132855
J02,10_14세,2019년 02월,17247
J02,5_9세,2019년 02월,43512
J02,5세미만,2019년 02월,87585
J03,10_14세,2019년 02월,20953
J03,5_9세,2019년 02월,45038
J03,5세미만,2019년 02월,62596
J04,10_14세,2019년 02월,11506
J04,5_9세,2019년 02월,22889
J04,5세미만,2019년 02월,25139
J06,10_14세,2019년 02월,18679
J06,5_9세,2019년 02월,47432
J06,5세미만,2019년 02월,105460
K12,10_14세,2019년 02월,3886
K12,5_9세,2019년 02월,5398
K12,5세미만,2019년 02월,3883
H10,10_14세,2019년 03월,19464
H10,5_9세,2019년 03월,35990
H10,5세미만,2019년 03월,45565
H16,10_14세,2019년 03월,4894
H16,5_9세,2019년 03월,4994
H16,5세미만,2019년 03월,3738
H20,10_14세,2019년 03월,125
H20,5_9세,2019년 03월,51
H20,5세미만,2019년 03월,16
H30,10_14세,2019년 03월,8
H30,5_9세,2019년 03월,5
H30,5세미만,2019년 03월,2
H40,10_14세,2019년 03월,437
H40,5_9세,2019년 03월,276
H40,5세미만,2019년 03월,53
J00,10_14세,2019년 03월,27956
J00,5_9세,2019년 03월,55883
J00,5세미만,2019년 03월,142911
J01,10_14세,2019년 03월,42146
J01,5_9세,2019년 03월,106505
J01,5세미만,2019년 03월,169831
J02,10_14세,2019년 03월,46438
J02,5_9세,2019년 03월,69675
J02,5세미만,2019년 03월,113207
J03,10_14세,2019년 03월,52842
J03,5_9세,2019년 03월,68606
J03,5세미만,2019년 03월,80520
J04,10_14세,2019년 03월,27479
J04,5_9세,2019년 03월,34686
J04,5세미만,2019년 03월,33761
J06,10_14세,2019년 03월,48635
J06,5_9세,2019년 03월,71577
J06,5세미만,2019년 03월,135989
K12,10_14세,2019년 03월,3458
K12,5_9세,2019년 03월,5757
K12,5세미만,2019년 03월,4570
H10,10_14세,2019년 04월,32757
H10,5_9세,2019년 04월,57892
H10,5세미만,2019년 04월,61265
H16,10_14세,2019년 04월,5791
H16,5_9세,2019년 04월,6408
H16,5세미만,2019년 04월,4859
H20,10_14세,2019년 04월,149
H20,5_9세,2019년 04월,70
H20,5세미만,2019년 04월,14
H30,10_14세,2019년 04월,10
H30,5_9세,2019년 04월,2
H30,5세미만,2019년 04월,0
H40,10_14세,2019년 04월,546
H40,5_9세,2019년 04월,313
H40,5세미만,2019년 04월,75
J00,10_14세,2019년 04월,33379
J00,5_9세,2019년 04월,59384
J00,5세미만,2019년 04월,140390
J01,10_14세,2019년 04월,49502
J01,5_9세,2019년 04월,109882
J01,5세미만,2019년 04월,181605
J02,10_14세,2019년 04월,54498
J02,5_9세,2019년 04월,77706
J02,5세미만,2019년 04월,119618
J03,10_14세,2019년 04월,59490
J03,5_9세,2019년 04월,77197
J03,5세미만,2019년 04월,90192
J04,10_14세,2019년 04월,33523
J04,5_9세,2019년 04월,39062
J04,5세미만,2019년 04월,37604
J06,10_14세,2019년 04월,59466
J06,5_9세,2019년 04월,77106
J06,5세미만,2019년 04월,135153
K12,10_14세,2019년 04월,3418
K12,5_9세,2019년 04월,5570
K12,5세미만,2019년 04월,5020
H10,10_14세,2019년 05월,38758
H10,5_9세,2019년 05월,72543
H10,5세미만,2019년 05월,67155
H16,10_14세,2019년 05월,6613
H16,5_9세,2019년 05월,7394
H16,5세미만,2019년 05월,5165
H20,10_14세,2019년 05월,169
H20,5_9세,2019년 05월,79
H20,5세미만,2019년 05월,19
H30,10_14세,2019년 05월,12
H30,5_9세,2019년 05월,5
H30,5세미만,2019년 05월,1
H40,10_14세,2019년 05월,626
H40,5_9세,2019년 05월,421
H40,5세미만,2019년 05월,93
J00,10_14세,2019년 05월,22260
J00,5_9세,2019년 05월,47419
J00,5세미만,2019년 05월,132476
J01,10_14세,2019년 05월,37624
J01,5_9세,2019년 05월,89929
J01,5세미만,2019년 05월,161929
J02,10_14세,2019년 05월,35779
J02,5_9세,2019년 05월,59307
J02,5세미만,2019년 05월,121312
J03,10_14세,2019년 05월,40674
J03,5_9세,2019년 05월,62619
J03,5세미만,2019년 05월,98124
J04,10_14세,2019년 05월,24621
J04,5_9세,2019년 05월,33186
J04,5세미만,2019년 05월,38614
J06,10_14세,2019년 05월,38989
J06,5_9세,2019년 05월,60891
J06,5세미만,2019년 05월,128405
K12,10_14세,2019년 05월,3489
K12,5_9세,2019년 05월,6404
K12,5세미만,2019년 05월,7595
H10,10_14세,2019년 06월,25698
H10,5_9세,2019년 06월,46833
H10,5세미만,2019년 06월,52926
H16,10_14세,2019년 06월,5525
H16,5_9세,2019년 06월,5810
H16,5세미만,2019년 06월,4479
H20,10_14세,2019년 06월,168
H20,5_9세,2019년 06월,69
H20,5세미만,2019년 06월,20
H30,10_14세,2019년 06월,6
H30,5_9세,2019년 06월,4
H30,5세미만,2019년 06월,3
H40,10_14세,2019년 06월,568
H40,5_9세,2019년 06월,378
H40,5세미만,2019년 06월,91
J00,10_14세,2019년 06월,15204
J00,5_9세,2019년 06월,36773
J00,5세미만,2019년 06월,117636
J01,10_14세,2019년 06월,24086
J01,5_9세,2019년 06월,61494
J01,5세미만,2019년 06월,124348
J02,10_14세,2019년 06월,26682
J02,5_9세,2019년 06월,50389
J02,5세미만,2019년 06월,116024
J03,10_14세,2019년 06월,31916
J03,5_9세,2019년 06월,57474
J03,5세미만,2019년 06월,96846
J04,10_14세,2019년 06월,16046
J04,5_9세,2019년 06월,23718
J04,5세미만,2019년 06월,32324
J06,10_14세,2019년 06월,27001
J06,5_9세,2019년 06월,46731
J06,5세미만,2019년 06월,113237
K12,10_14세,2019년 06월,3686
K12,5_9세,2019년 06월,7867
K12,5세미만,2019년 06월,14645
H10,10_14세,2019년 07월,28550
H10,5_9세,2019년 07월,58409
H10,5세미만,2019년 07월,58025
H16,10_14세,2019년 07월,5876
H16,5_9세,2019년 07월,6400
H16,5세미만,2019년 07월,4661
H20,10_14세,2019년 07월,153
H20,5_9세,2019년 07월,68
H20,5세미만,2019년 07월,13
H30,10_14세,2019년 07월,9
H30,5_9세,2019년 07월,5
H30,5세미만,2019년 07월,4
H40,10_14세,2019년 07월,574
H40,5_9세,2019년 07월,354
H40,5세미만,2019년 07월,76
J00,10_14세,2019년 07월,15047
J00,5_9세,2019년 07월,43204
J00,5세미만,2019년 07월,127890
J01,10_14세,2019년 07월,21288
J01,5_9세,2019년 07월,60119
J01,5세미만,2019년 07월,110967
J02,10_14세,2019년 07월,26113
J02,5_9세,2019년 07월,65365
J02,5세미만,2019년 07월,137261
J03,10_14세,2019년 07월,32114
J03,5_9세,2019년 07월,76255
J03,5세미만,2019년 07월,116606
J04,10_14세,2019년 07월,14778
J04,5_9세,2019년 07월,25750
J04,5세미만,2019년 07월,32709
J06,10_14세,2019년 07월,25740
J06,5_9세,2019년 07월,55280
J06,5세미만,2019년 07월,122238
K12,10_14세,2019년 07월,4315
K12,5_9세,2019년 07월,11974
K12,5세미만,2019년 07월,25162
H10,10_14세,2019년 08월,42021
H10,5_9세,2019년 08월,78238
H10,5세미만,2019년 08월,59457
H16,10_14세,2019년 08월,7156
H16,5_9세,2019년 08월,7915
H16,5세미만,2019년 08월,4864
H20,10_14세,2019년 08월,130
H20,5_9세,2019년 08월,66
H20,5세미만,2019년 08월,12
H30,10_14세,2019년 08월,10
H30,5_9세,2019년 08월,5
H30,5세미만,2019년 08월,2
H40,10_14세,2019년 08월,749
H40,5_9세,2019년 08월,421
H40,5세미만,2019년 08월,85
J00,10_14세,2019년 08월,12399
J00,5_9세,2019년 08월,37843
J00,5세미만,2019년 08월,109889
J01,10_14세,2019년 08월,18023
J01,5_9세,2019년 08월,54581
J01,5세미만,2019년 08월,94490
J02,10_14세,2019년 08월,20981
J02,5_9세,2019년 08월,57628
J02,5세미만,2019년 08월,120548
J03,10_14세,2019년 08월,27012
J03,5_9세,2019년 08월,70072
J03,5세미만,2019년 08월,106031
J04,10_14세,2019년 08월,12817
J04,5_9세,2019년 08월,23885
J04,5세미만,2019년 08월,29397
J06,10_14세,2019년 08월,21128
J06,5_9세,2019년 08월,48962
J06,5세미만,2019년 08월,106567
K12,10_14세,2019년 08월,5011
K12,5_9세,2019년 08월,9695
K12,5세미만,2019년 08월,15800
H10,10_14세,2019년 09월,39553
H10,5_9세,2019년 09월,62546
H10,5세미만,2019년 09월,48722
H16,10_14세,2019년 09월,5879
H16,5_9세,2019년 09월,5919
H16,5세미만,2019년 09월,3980
H20,10_14세,2019년 09월,137
H20,5_9세,2019년 09월,52
H20,5세미만,2019년 09월,15
H30,10_14세,2019년 09월,7
H30,5_9세,2019년 09월,5
H30,5세미만,2019년 09월,0
H40,10_14세,2019년 09월,439
H40,5_9세,2019년 09월,287
H40,5세미만,2019년 09월,79
J00,10_14세,2019년 09월,24988
J00,5_9세,2019년 09월,52381
J00,5세미만,2019년 09월,129037
J01,10_14세,2019년 09월,38389
J01,5_9세,2019년 09월,84274
J01,5세미만,2019년 09월,127471
J02,10_14세,2019년 09월,39571
J02,5_9세,2019년 09월,70544
J02,5세미만,2019년 09월,124752
J03,10_14세,2019년 09월,45338
J03,5_9세,2019년 09월,79056
J03,5세미만,2019년 09월,107848
J04,10_14세,2019년 09월,25963
J04,5_9세,2019년 09월,34456
J04,5세미만,2019년 09월,33275
J06,10_14세,2019년 09월,42423
J06,5_9세,2019년 09월,67722
J06,5세미만,2019년 09월,124255
K12,10_14세,2019년 09월,3562
K12,5_9세,2019년 09월,6736
K12,5세미만,2019년 09월,10643
H10,10_14세,2019년 10월,23288
H10,5_9세,2019년 10월,42118
H10,5세미만,2019년 10월,42947
H16,10_14세,2019년 10월,5276
H16,5_9세,2019년 10월,5146
H16,5세미만,2019년 10월,3674
H20,10_14세,2019년 10월,142
H20,5_9세,2019년 10월,61
H20,5세미만,2019년 10월,15
H30,10_14세,2019년 10월,10
H30,5_9세,2019년 10월,5
H30,5세미만,2019년 10월,0
H40,10_14세,2019년 10월,476
H40,5_9세,2019년 10월,281
H40,5세미만,2019년 10월,80
J00,10_14세,2019년 10월,25924
J00,5_9세,2019년 10월,59265
J00,5세미만,2019년 10월,141025
J01,10_14세,2019년 10월,39308
J01,5_9세,2019년 10월,102259
J01,5세미만,2019년 10월,153521
J02,10_14세,2019년 10월,38924
J02,5_9세,2019년 10월,70550
J02,5세미만,2019년 10월,118538
J03,10_14세,2019년 10월,43145
J03,5_9세,2019년 10월,73975
J03,5세미만,2019년 10월,95513
J04,10_14세,2019년 10월,26157
J04,5_9세,2019년 10월,38741
J04,5세미만,2019년 10월,36449
J06,10_14세,2019년 10월,43060
J06,5_9세,2019년 10월,73213
J06,5세미만,2019년 10월,131354
K12,10_14세,2019년 10월,3608
K12,5_9세,2019년 10월,6289
K12,5세미만,2019년 10월,7981
H10,10_14세,2019년 11월,18363
H10,5_9세,2019년 11월,33700
H10,5세미만,2019년 11월,40348
H16,10_14세,2019년 11월,4830
H16,5_9세,2019년 11월,4755
H16,5세미만,2019년 11월,3583
H20,10_14세,2019년 11월,145
H20,5_9세,2019년 11월,57
H20,5세미만,2019년 11월,26
H30,10_14세,2019년 11월,9
H30,5_9세,2019년 11월,4
H30,5세미만,2019년 11월,1
H40,10_14세,2019년 11월,414
H40,5_9세,2019년 11월,288
H40,5세미만,2019년 11월,67
J00,10_14세,2019년 11월,27357
J00,5_9세,2019년 11월,56932
J00,5세미만,2019년 11월,131370
J01,10_14세,2019년 11월,41984
J01,5_9세,2019년 11월,109472
J01,5세미만,2019년 11월,161232
J02,10_14세,2019년 11월,41810
J02,5_9세,2019년 11월,68889
J02,5세미만,2019년 11월,108603
J03,10_14세,2019년 11월,46525
J03,5_9세,2019년 11월,70759
J03,5세미만,2019년 11월,85269
J04,10_14세,2019년 11월,27274
J04,5_9세,2019년 11월,38930
J04,5세미만,2019년 11월,36121
J06,10_14세,2019년 11월,46859
J06,5_9세,2019년 11월,73025
J06,5세미만,2019년 11월,122929
K12,10_14세,2019년 11월,3560
K12,5_9세,2019년 11월,5354
K12,5세미만,2019년 11월,5860
H10,10_14세,2019년 12월,16237
H10,5_9세,2019년 12월,31008
H10,5세미만,2019년 12월,39811
H16,10_14세,2019년 12월,4580
H16,5_9세,2019년 12월,4399
H16,5세미만,2019년 12월,3495
H20,10_14세,2019년 12월,144
H20,5_9세,2019년 12월,52
H20,5세미만,2019년 12월,23
H30,10_14세,2019년 12월,7
H30,5_9세,2019년 12월,3
H30,5세미만,2019년 12월,3
H40,10_14세,2019년 12월,402
H40,5_9세,2019년 12월,263
H40,5세미만,2019년 12월,70
J00,10_14세,2019년 12월,32282
J00,5_9세,2019년 12월,62524
J00,5세미만,2019년 12월,125004
J01,10_14세,2019년 12월,45710
J01,5_9세,2019년 12월,116841
J01,5세미만,2019년 12월,159120
J02,10_14세,2019년 12월,50280
J02,5_9세,2019년 12월,78954
J02,5세미만,2019년 12월,108508
J03,10_14세,2019년 12월,55424
J03,5_9세,2019년 12월,80392
J03,5세미만,2019년 12월,84897
J04,10_14세,2019년 12월,31237
J04,5_9세,2019년 12월,41022
J04,5세미만,2019년 12월,35397
J06,10_14세,2019년 12월,55837
J06,5_9세,2019년 12월,81215
J06,5세미만,2019년 12월,120346
K12,10_14세,2019년 12월,3494
K12,5_9세,2019년 12월,5306
K12,5세미만,2019년 12월,4458
H10,10_14세,2020년 01월,16850
H10,5_9세,2020년 01월,31141
H10,5세미만,2020년 01월,34255
H16,10_14세,2020년 01월,4554
H16,5_9세,2020년 01월,4413
H16,5세미만,2020년 01월,3036
H20,10_14세,2020년 01월,124
H20,5_9세,2020년 01월,49
H20,5세미만,2020년 01월,12
H30,10_14세,2020년 01월,11
H30,5_9세,2020년 01월,2
H30,5세미만,2020년 01월,3
H40,10_14세,2020년 01월,556
H40,5_9세,2020년 01월,287
H40,5세미만,2020년 01월,74
J00,10_14세,2020년 01월,20649
J00,5_9세,2020년 01월,46251
J00,5세미만,2020년 01월,105260
J01,10_14세,2020년 01월,32793
J01,5_9세,2020년 01월,87644
J01,5세미만,2020년 01월,124540
J02,10_14세,2020년 01월,29763
J02,5_9세,2020년 01월,57364
J02,5세미만,2020년 01월,94685
J03,10_14세,2020년 01월,32294
J03,5_9세,2020년 01월,54977
J03,5세미만,2020년 01월,70218
J04,10_14세,2020년 01월,19787
J04,5_9세,2020년 01월,28871
J04,5세미만,2020년 01월,27306
J06,10_14세,2020년 01월,34401
J06,5_9세,2020년 01월,59399
J06,5세미만,2020년 01월,101511
K12,10_14세,2020년 01월,3698
K12,5_9세,2020년 01월,5346
K12,5세미만,2020년 01월,3717
H10,10_14세,2020년 02월,14101
H10,5_9세,2020년 02월,24520
H10,5세미만,2020년 02월,26540
H16,10_14세,2020년 02월,4015
H16,5_9세,2020년 02월,3642
H16,5세미만,2020년 02월,2244
H20,10_14세,2020년 02월,103
H20,5_9세,2020년 02월,50
H20,5세미만,2020년 02월,10
H30,10_14세,2020년 02월,7
H30,5_9세,2020년 02월,5
H30,5세미만,2020년 02월,1
H40,10_14세,2020년 02월,452
H40,5_9세,2020년 02월,226
H40,5세미만,2020년 02월,64
J00,10_14세,2020년 02월,10374
J00,5_9세,2020년 02월,29289
J00,5세미만,2020년 02월,70747
J01,10_14세,2020년 02월,17444
J01,5_9세,2020년 02월,60459
J01,5세미만,2020년 02월,94507
J02,10_14세,2020년 02월,15359
J02,5_9세,2020년 02월,35117
J02,5세미만,2020년 02월,62552
J03,10_14세,2020년 02월,18165
J03,5_9세,2020년 02월,37400
J03,5세미만,2020년 02월,49476
J04,10_14세,2020년 02월,10160
J04,5_9세,2020년 02월,17856
J04,5세미만,2020년 02월,17709
J06,10_14세,2020년 02월,17328
J06,5_9세,2020년 02월,36782
J06,5세미만,2020년 02월,67157
K12,10_14세,2020년 02월,3154
K12,5_9세,2020년 02월,4637
K12,5세미만,2020년 02월,2926
H10,10_14세,2020년 03월,13550
H10,5_9세,2020년 03월,24507
H10,5세미만,2020년 03월,22774
H16,10_14세,2020년 03월,3560
H16,5_9세,2020년 03월,3358
H16,5세미만,2020년 03월,2008
H20,10_14세,2020년 03월,88
H20,5_9세,2020년 03월,49
H20,5세미만,2020년 03월,5
H30,10_14세,2020년 03월,8
H30,5_9세,2020년 03월,4
H30,5세미만,2020년 03월,0
H40,10_14세,2020년 03월,347
H40,5_9세,2020년 03월,178
H40,5세미만,2020년 03월,46
J00,10_14세,2020년 03월,5464
J00,5_9세,2020년 03월,15259
J00,5세미만,2020년 03월,35444
J01,10_14세,2020년 03월,10665
J01,5_9세,2020년 03월,31979
J01,5세미만,2020년 03월,39807
J02,10_14세,2020년 03월,7798
J02,5_9세,2020년 03월,17379
J02,5세미만,2020년 03월,31356
J03,10_14세,2020년 03월,10017
J03,5_9세,2020년 03월,20640
J03,5세미만,2020년 03월,27276
J04,10_14세,2020년 03월,5729
J04,5_9세,2020년 03월,9628
J04,5세미만,2020년 03월,7941
J06,10_14세,2020년 03월,8740
J06,5_9세,2020년 03월,18500
J06,5세미만,2020년 03월,31444
K12,10_14세,2020년 03월,2753
K12,5_9세,2020년 03월,4396
K12,5세미만,2020년 03월,3061
H10,10_14세,2020년 04월,17925
H10,5_9세,2020년 04월,36890
H10,5세미만,2020년 04월,26898
H16,10_14세,2020년 04월,3933
H16,5_9세,2020년 04월,4307
H16,5세미만,2020년 04월,2290
H20,10_14세,2020년 04월,80
H20,5_9세,2020년 04월,58
H20,5세미만,2020년 04월,7
H30,10_14세,2020년 04월,7
H30,5_9세,2020년 04월,3
H30,5세미만,2020년 04월,2
H40,10_14세,2020년 04월,335
H40,5_9세,2020년 04월,232
H40,5세미만,2020년 04월,61
J00,10_14세,2020년 04월,4912
J00,5_9세,2020년 04월,14610
J00,5세미만,2020년 04월,39010
J01,10_14세,2020년 04월,9582
J01,5_9세,2020년 04월,27838
J01,5세미만,2020년 04월,36992
J02,10_14세,2020년 04월,7424
J02,5_9세,2020년 04월,17030
J02,5세미만,2020년 04월,35598
J03,10_14세,2020년 04월,9289
J03,5_9세,2020년 04월,19105
J03,5세미만,2020년 04월,28845
J04,10_14세,2020년 04월,5311
J04,5_9세,2020년 04월,9348
J04,5세미만,2020년 04월,7815
J06,10_14세,2020년 04월,7795
J06,5_9세,2020년 04월,16995
J06,5세미만,2020년 04월,33640
K12,10_14세,2020년 04월,2874
K12,5_9세,2020년 04월,5451
K12,5세미만,2020년 04월,4032
H10,10_14세,2020년 05월,27763
H10,5_9세,2020년 05월,55061
H10,5세미만,2020년 05월,34676
H16,10_14세,2020년 05월,5093
H16,5_9세,2020년 05월,5747
H16,5세미만,2020년 05월,2810
H20,10_14세,2020년 05월,112
H20,5_9세,2020년 05월,52
H20,5세미만,2020년 05월,5
H30,10_14세,2020년 05월,11
H30,5_9세,2020년 05월,2
H30,5세미만,2020년 05월,0
H40,10_14세,2020년 05월,423
H40,5_9세,2020년 05월,336
H40,5세미만,2020년 05월,72
J00,10_14세,2020년 05월,7224
J00,5_9세,2020년 05월,26697
J00,5세미만,2020년 05월,80915
J01,10_14세,2020년 05월,12406
J01,5_9세,2020년 05월,43726
J01,5세미만,2020년 05월,83187
J02,10_14세,2020년 05월,10536
J02,5_9세,2020년 05월,30213
J02,5세미만,2020년 05월,69408
J03,10_14세,2020년 05월,12753
J03,5_9세,2020년 05월,29947
J03,5세미만,2020년 05월,50863
J04,10_14세,2020년 05월,7259
J04,5_9세,2020년 05월,14520
J04,5세미만,2020년 05월,15912
J06,10_14세,2020년 05월,10788
J06,5_9세,2020년 05월,29364
J06,5세미만,2020년 05월,70664
K12,10_14세,2020년 05월,3587
K12,5_9세,2020년 05월,6443
K12,5세미만,2020년 05월,4888
H10,10_14세,2020년 06월,23700
H10,5_9세,2020년 06월,43621
H10,5세미만,2020년 06월,32119
H16,10_14세,2020년 06월,5084
H16,5_9세,2020년 06월,5285
H16,5세미만,2020년 06월,2942
H20,10_14세,2020년 06월,114
H20,5_9세,2020년 06월,49
H20,5세미만,2020년 06월,15
H30,10_14세,2020년 06월,6
H30,5_9세,2020년 06월,2
H30,5세미만,2020년 06월,0
H40,10_14세,2020년 06월,456
H40,5_9세,2020년 06월,298
H40,5세미만,2020년 06월,64
J00,10_14세,2020년 06월,11245
J00,5_9세,2020년 06월,30927
J00,5세미만,2020년 06월,85449
J01,10_14세,2020년 06월,12688
J01,5_9세,2020년 06월,48035
J01,5세미만,2020년 06월,96881
J02,10_14세,2020년 06월,17350
J02,5_9세,2020년 06월,39037
J02,5세미만,2020년 06월,72137
J03,10_14세,2020년 06월,19426
J03,5_9세,2020년 06월,38274
J03,5세미만,2020년 06월,53037
J04,10_14세,2020년 06월,8197
J04,5_9세,2020년 06월,15389
J04,5세미만,2020년 06월,16560
J06,10_14세,2020년 06월,16095
J06,5_9세,2020년 06월,35451
J06,5세미만,2020년 06월,75412
K12,10_14세,2020년 06월,3478
K12,5_9세,2020년 06월,6421
K12,5세미만,2020년 06월,5206
H10,10_14세,2020년 07월,24901
H10,5_9세,2020년 07월,47687
H10,5세미만,2020년 07월,34668
H16,10_14세,2020년 07월,5416
H16,5_9세,2020년 07월,5967
H16,5세미만,2020년 07월,3014
H20,10_14세,2020년 07월,148
H20,5_9세,2020년 07월,59
H20,5세미만,2020년 07월,9
H30,10_14세,2020년 07월,9
H30,5_9세,2020년 07월,5
H30,5세미만,2020년 07월,2
H40,10_14세,2020년 07월,480
H40,5_9세,2020년 07월,302
H40,5세미만,2020년 07월,75
J00,10_14세,2020년 07월,10288
J00,5_9세,2020년 07월,28977
J00,5세미만,2020년 07월,79443
J01,10_14세,2020년 07월,11630
J01,5_9세,2020년 07월,43244
J01,5세미만,2020년 07월,83956
J02,10_14세,2020년 07월,17003
J02,5_9세,2020년 07월,37116
J02,5세미만,2020년 07월,67212
J03,10_14세,2020년 07월,19950
J03,5_9세,2020년 07월,37559
J03,5세미만,2020년 07월,49837
J04,10_14세,2020년 07월,7970
J04,5_9세,2020년 07월,14441
J04,5세미만,2020년 07월,15551
J06,10_14세,2020년 07월,15227
J06,5_9세,2020년 07월,33504
J06,5세미만,2020년 07월,69895
K12,10_14세,2020년 07월,3710
K12,5_9세,2020년 07월,6692
K12,5세미만,2020년 07월,5544
H10,10_14세,2020년 08월,27654
H10,5_9세,2020년 08월,51925
H10,5세미만,2020년 08월,33095
H16,10_14세,2020년 08월,5368
H16,5_9세,2020년 08월,5646
H16,5세미만,2020년 08월,2662
H20,10_14세,2020년 08월,116
H20,5_9세,2020년 08월,50
H20,5세미만,2020년 08월,10
H30,10_14세,2020년 08월,10
H30,5_9세,2020년 08월,6
H30,5세미만,2020년 08월,3
H40,10_14세,2020년 08월,574
H40,5_9세,2020년 08월,324
H40,5세미만,2020년 08월,60
J00,10_14세,2020년 08월,7408
J00,5_9세,2020년 08월,21903
J00,5세미만,2020년 08월,61682
J01,10_14세,2020년 08월,10248
J01,5_9세,2020년 08월,32224
J01,5세미만,2020년 08월,60910
J02,10_14세,2020년 08월,11770
J02,5_9세,2020년 08월,27512
J02,5세미만,2020년 08월,54403
J03,10_14세,2020년 08월,14256
J03,5_9세,2020년 08월,27905
J03,5세미만,2020년 08월,40781
J04,10_14세,2020년 08월,6692
J04,5_9세,2020년 08월,11811
J04,5세미만,2020년 08월,12148
J06,10_14세,2020년 08월,11214
J06,5_9세,2020년 08월,24928
J06,5세미만,2020년 08월,54017
K12,10_14세,2020년 08월,3557
K12,5_9세,2020년 08월,6208
K12,5세미만,2020년 08월,5284
H10,10_14세,2020년 09월,31282
H10,5_9세,2020년 09월,50296
H10,5세미만,2020년 09월,32182
H16,10_14세,2020년 09월,4861
H16,5_9세,2020년 09월,5288
H16,5세미만,2020년 09월,2551
H20,10_14세,2020년 09월,101
H20,5_9세,2020년 09월,52
H20,5세미만,2020년 09월,6
H30,10_14세,2020년 09월,10
H30,5_9세,2020년 09월,4
H30,5세미만,2020년 09월,0
H40,10_14세,2020년 09월,400
H40,5_9세,2020년 09월,272
H40,5세미만,2020년 09월,69
J00,10_14세,2020년 09월,10807
J00,5_9세,2020년 09월,22834
J00,5세미만,2020년 09월,44522
J01,10_14세,2020년 09월,17090
J01,5_9세,2020년 09월,32651
J01,5세미만,2020년 09월,38252
J02,10_14세,2020년 09월,13696
J02,5_9세,2020년 09월,24265
J02,5세미만,2020년 09월,38772
J03,10_14세,2020년 09월,14555
J03,5_9세,2020년 09월,22844
J03,5세미만,2020년 09월,29678
J04,10_14세,2020년 09월,11141
J04,5_9세,2020년 09월,13213
J04,5세미만,2020년 09월,8718
J06,10_14세,2020년 09월,15500
J06,5_9세,2020년 09월,24895
J06,5세미만,2020년 09월,38224
K12,10_14세,2020년 09월,3196
K12,5_9세,2020년 09월,5709
K12,5세미만,2020년 09월,4797
H10,10_14세,2020년 10월,18744
H10,5_9세,2020년 10월,33615
H10,5세미만,2020년 10월,27640
H16,10_14세,2020년 10월,4544
H16,5_9세,2020년 10월,4684
H16,5세미만,2020년 10월,2392
H20,10_14세,2020년 10월,131
H20,5_9세,2020년 10월,69
H20,5세미만,2020년 10월,9
H30,10_14세,2020년 10월,8
H30,5_9세,2020년 10월,3
H30,5세미만,2020년 10월,0
H40,10_14세,2020년 10월,386
H40,5_9세,2020년 10월,255
H40,5세미만,2020년 10월,51
J00,10_14세,2020년 10월,12465
J00,5_9세,2020년 10월,32978
J00,5세미만,2020년 10월,82359
J01,10_14세,2020년 10월,16843
J01,5_9세,2020년 10월,47338
J01,5세미만,2020년 10월,79010
J02,10_14세,2020년 10월,17559
J02,5_9세,2020년 10월,35686
J02,5세미만,2020년 10월,62588
J03,10_14세,2020년 10월,19115
J03,5_9세,2020년 10월,33526
J03,5세미만,2020년 10월,44108
J04,10_14세,2020년 10월,11165
J04,5_9세,2020년 10월,16779
J04,5세미만,2020년 10월,15309
J06,10_14세,2020년 10월,18034
J06,5_9세,2020년 10월,37487
J06,5세미만,2020년 10월,71577
K12,10_14세,2020년 10월,3113
K12,5_9세,2020년 10월,5462
K12,5세미만,2020년 10월,4484
H10,10_14세,2020년 11월,14777
H10,5_9세,2020년 11월,26420
H10,5세미만,2020년 11월,23746
H16,10_14세,2020년 11월,4463
H16,5_9세,2020년 11월,4245
H16,5세미만,2020년 11월,2288
H20,10_14세,2020년 11월,135
H20,5_9세,2020년 11월,74
H20,5세미만,2020년 11월,7
H30,10_14세,2020년 11월,9
H30,5_9세,2020년 11월,3
H30,5세미만,2020년 11월,0
H40,10_14세,2020년 11월,441
H40,5_9세,2020년 11월,270
H40,5세미만,2020년 11월,49
J00,10_14세,2020년 11월,17621
J00,5_9세,2020년 11월,46977
J00,5세미만,2020년 11월,109226
J01,10_14세,2020년 11월,22689
J01,5_9세,2020년 11월,73823
J01,5세미만,2020년 11월,129139
J02,10_14세,2020년 11월,28897
J02,5_9세,2020년 11월,52875
J02,5세미만,2020년 11월,80037
J03,10_14세,2020년 11월,31330
J03,5_9세,2020년 11월,46358
J03,5세미만,2020년 11월,51624
J04,10_14세,2020년 11월,14067
J04,5_9세,2020년 11월,23324
J04,5세미만,2020년 11월,21429
J06,10_14세,2020년 11월,27851
J06,5_9세,2020년 11월,54832
J06,5세미만,2020년 11월,95036
K12,10_14세,2020년 11월,3282
K12,5_9세,2020년 11월,5055
K12,5세미만,2020년 11월,3782
H10,10_14세,2020년 12월,12650
H10,5_9세,2020년 12월,23410
H10,5세미만,2020년 12월,23322
H16,10_14세,2020년 12월,3948
H16,5_9세,2020년 12월,3857
H16,5세미만,2020년 12월,2166
H20,10_14세,2020년 12월,138
H20,5_9세,2020년 12월,66
H20,5세미만,2020년 12월,3
H30,10_14세,2020년 12월,6
H30,5_9세,2020년 12월,6
H30,5세미만,2020년 12월,0
H40,10_14세,2020년 12월,375
H40,5_9세,2020년 12월,245
H40,5세미만,2020년 12월,38
J00,10_14세,2020년 12월,7520
J00,5_9세,2020년 12월,21473
J00,5세미만,2020년 12월,62260
J01,10_14세,2020년 12월,11017
J01,5_9세,2020년 12월,37660
J01,5세미만,2020년 12월,78947
J02,10_14세,2020년 12월,10796
J02,5_9세,2020년 12월,23753
J02,5세미만,2020년 12월,47307
J03,10_14세,2020년 12월,12469
J03,5_9세,2020년 12월,22002
J03,5세미만,2020년 12월,33208
J04,10_14세,2020년 12월,6244
J04,5_9세,2020년 12월,10777
J04,5세미만,2020년 12월,12345
J06,10_14세,2020년 12월,11014
J06,5_9세,2020년 12월,23902
J06,5세미만,2020년 12월,52125
K12,10_14세,2020년 12월,2970
K12,5_9세,2020년 12월,4828
K12,5세미만,2020년 12월,3609
H10,10_14세,2021년 01월,13504
H10,5_9세,2021년 01월,24346
H10,5세미만,2021년 01월,23149
H16,10_14세,2021년 01월,3453
H16,5_9세,2021년 01월,3327
H16,5세미만,2021년 01월,1902
H20,10_14세,2021년 01월,117
H20,5_9세,2021년 01월,63
H20,5세미만,2021년 01월,6
H30,10_14세,2021년 01월,11
H30,5_9세,2021년 01월,5
H30,5세미만,2021년 01월,0
H40,10_14세,2021년 01월,511
H40,5_9세,2021년 01월,295
H40,5세미만,2021년 01월,64
J00,10_14세,2021년 01월,4045
J00,5_9세,2021년 01월,11695
J00,5세미만,2021년 01월,34851
J01,10_14세,2021년 01월,6534
J01,5_9세,2021년 01월,19446
J01,5세미만,2021년 01월,36161
J02,10_14세,2021년 01월,6161
J02,5_9세,2021년 01월,13977
J02,5세미만,2021년 01월,30699
J03,10_14세,2021년 01월,7360
J03,5_9세,2021년 01월,13704
J03,5세미만,2021년 01월,23052
J04,10_14세,2021년 01월,3688
J04,5_9세,2021년 01월,6222
J04,5세미만,2021년 01월,6485
J06,10_14세,2021년 01월,5933
J06,5_9세,2021년 01월,12904
J06,5세미만,2021년 01월,29733
K12,10_14세,2021년 01월,3098
K12,5_9세,2021년 01월,5147
K12,5세미만,2021년 01월,4060
H10,10_14세,2021년 02월,15534
H10,5_9세,2021년 02월,25945
H10,5세미만,2021년 02월,23013
H16,10_14세,2021년 02월,3818
H16,5_9세,2021년 02월,3596
H16,5세미만,2021년 02월,1944
H20,10_14세,2021년 02월,155
H20,5_9세,2021년 02월,44
H20,5세미만,2021년 02월,10
H30,10_14세,2021년 02월,12
H30,5_9세,2021년 02월,6
H30,5세미만,2021년 02월,1
H40,10_14세,2021년 02월,680
H40,5_9세,2021년 02월,373
H40,5세미만,2021년 02월,78
J00,10_14세,2021년 02월,4185
J00,5_9세,2021년 02월,14395
J00,5세미만,2021년 02월,44103
J01,10_14세,2021년 02월,6679
J01,5_9세,2021년 02월,23367
J01,5세미만,2021년 02월,47293
J02,10_14세,2021년 02월,6573
J02,5_9세,2021년 02월,16895
J02,5세미만,2021년 02월,37348
J03,10_14세,2021년 02월,7808
J03,5_9세,2021년 02월,16067
J03,5세미만,2021년 02월,26403
J04,10_14세,2021년 02월,3750
J04,5_9세,2021년 02월,7141
J04,5세미만,2021년 02월,7980
J06,10_14세,2021년 02월,6078
J06,5_9세,2021년 02월,15905
J06,5세미만,2021년 02월,37809
K12,10_14세,2021년 02월,3420
K12,5_9세,2021년 02월,5430
K12,5세미만,2021년 02월,4136
H10,10_14세,2021년 03월,17968
H10,5_9세,2021년 03월,32192
H10,5세미만,2021년 03월,26202
H16,10_14세,2021년 03월,3924
H16,5_9세,2021년 03월,4163
H16,5세미만,2021년 03월,2128
H20,10_14세,2021년 03월,171
H20,5_9세,2021년 03월,72
H20,5세미만,2021년 03월,13
H30,10_14세,2021년 03월,10
H30,5_9세,2021년 03월,6
H30,5세미만,2021년 03월,0
H40,10_14세,2021년 03월,564
H40,5_9세,2021년 03월,412
H40,5세미만,2021년 03월,70
J00,10_14세,2021년 03월,9505
J00,5_9세,2021년 03월,40697
J00,5세미만,2021년 03월,107355
J01,10_14세,2021년 03월,12667
J01,5_9세,2021년 03월,57243
J01,5세미만,2021년 03월,115753
J02,10_14세,2021년 03월,16444
J02,5_9세,2021년 03월,47917
J02,5세미만,2021년 03월,83766
J03,10_14세,2021년 03월,18366
J03,5_9세,2021년 03월,41640
J03,5세미만,2021년 03월,53593
J04,10_14세,2021년 03월,7719
J04,5_9세,2021년 03월,18248
J04,5세미만,2021년 03월,19023
J06,10_14세,2021년 03월,15083
J06,5_9세,2021년 03월,45648
J06,5세미만,2021년 03월,92182
K12,10_14세,2021년 03월,3248
K12,5_9세,2021년 03월,6078
K12,5세미만,2021년 03월,4564
H10,10_14세,2021년 04월,38635
H10,5_9세,2021년 04월,73877
H10,5세미만,2021년 04월,35692
H16,10_14세,2021년 04월,5303
H16,5_9세,2021년 04월,6316
H16,5세미만,2021년 04월,2494
H20,10_14세,2021년 04월,190
H20,5_9세,2021년 04월,74
H20,5세미만,2021년 04월,11
H30,10_14세,2021년 04월,9
H30,5_9세,2021년 04월,5
H30,5세미만,2021년 04월,0
H40,10_14세,2021년 04월,661
H40,5_9세,2021년 04월,550
H40,5세미만,2021년 04월,90
J00,10_14세,2021년 04월,15670
J00,5_9세,2021년 04월,45274
J00,5세미만,2021년 04월,103552
J01,10_14세,2021년 04월,22957
J01,5_9세,2021년 04월,70979
J01,5세미만,2021년 04월,129689
J02,10_14세,2021년 04월,25185
J02,5_9세,2021년 04월,53841
J02,5세미만,2021년 04월,78976
J03,10_14세,2021년 04월,26893
J03,5_9세,2021년 04월,44802
J03,5세미만,2021년 04월,51184
J04,10_14세,2021년 04월,13407
J04,5_9세,2021년 04월,22803
J04,5세미만,2021년 04월,20815
J06,10_14세,2021년 04월,24601
J06,5_9세,2021년 04월,52256
J06,5세미만,2021년 04월,89124
K12,10_14세,2021년 04월,3536
K12,5_9세,2021년 04월,5847
K12,5세미만,2021년 04월,4310
H10,10_14세,2021년 05월,22621
H10,5_9세,2021년 05월,43799
H10,5세미만,2021년 05월,31168
H16,10_14세,2021년 05월,4791
H16,5_9세,2021년 05월,5542
H16,5세미만,2021년 05월,2418
H20,10_14세,2021년 05월,208
H20,5_9세,2021년 05월,66
H20,5세미만,2021년 05월,9
H30,10_14세,2021년 05월,15
H30,5_9세,2021년 05월,7
H30,5세미만,2021년 05월,0
H40,10_14세,2021년 05월,717
H40,5_9세,2021년 05월,511
H40,5세미만,2021년 05월,85
J00,10_14세,2021년 05월,11085
J00,5_9세,2021년 05월,33266
J00,5세미만,2021년 05월,88527
J01,10_14세,2021년 05월,15836
J01,5_9세,2021년 05월,52089
J01,5세미만,2021년 05월,106345
J02,10_14세,2021년 05월,18141
J02,5_9세,2021년 05월,40537
J02,5세미만,2021년 05월,69447
J03,10_14세,2021년 05월,20259
J03,5_9세,2021년 05월,34964
J03,5세미만,2021년 05월,46985
J04,10_14세,2021년 05월,9559
J04,5_9세,2021년 05월,16524
J04,5세미만,2021년 05월,18269
J06,10_14세,2021년 05월,17073
J06,5_9세,2021년 05월,37870
J06,5세미만,2021년 05월,74865
K12,10_14세,2021년 05월,3403
K12,5_9세,2021년 05월,5616
K12,5세미만,2021년 05월,4444
H10,10_14세,2021년 06월,23614
H10,5_9세,2021년 06월,44801
H10,5세미만,2021년 06월,31107
H16,10_14세,2021년 06월,4973
H16,5_9세,2021년 06월,5777
H16,5세미만,2021년 06월,2540
H20,10_14세,2021년 06월,229
H20,5_9세,2021년 06월,82
H20,5세미만,2021년 06월,9
H30,10_14세,2021년 06월,5
H30,5_9세,2021년 06월,5
H30,5세미만,2021년 06월,0
H40,10_14세,2021년 06월,702
H40,5_9세,2021년 06월,576
H40,5세미만,2021년 06월,84
J00,10_14세,2021년 06월,10751
J00,5_9세,2021년 06월,28635
J00,5세미만,2021년 06월,74220
J01,10_14세,2021년 06월,13235
J01,5_9세,2021년 06월,41012
J01,5세미만,2021년 06월,79950
J02,10_14세,2021년 06월,18956
J02,5_9세,2021년 06월,36695
J02,5세미만,2021년 06월,60496
J03,10_14세,2021년 06월,21007
J03,5_9세,2021년 06월,33054
J03,5세미만,2021년 06월,42496
J04,10_14세,2021년 06월,8539
J04,5_9세,2021년 06월,13711
J04,5세미만,2021년 06월,14040
J06,10_14세,2021년 06월,16515
J06,5_9세,2021년 06월,32372
J06,5세미만,2021년 06월,61985
K12,10_14세,2021년 06월,3590
K12,5_9세,2021년 06월,6085
K12,5세미만,2021년 06월,5280
H10,10_14세,2021년 07월,27044
H10,5_9세,2021년 07월,51438
H10,5세미만,2021년 07월,33647
H16,10_14세,2021년 07월,5326
H16,5_9세,2021년 07월,5940
H16,5세미만,2021년 07월,2797
H20,10_14세,2021년 07월,248
H20,5_9세,2021년 07월,84
H20,5세미만,2021년 07월,4
H30,10_14세,2021년 07월,16
H30,5_9세,2021년 07월,8
H30,5세미만,2021년 07월,0
H40,10_14세,2021년 07월,757
H40,5_9세,2021년 07월,477
H40,5세미만,2021년 07월,94
J00,10_14세,2021년 07월,7792
J00,5_9세,2021년 07월,22336
J00,5세미만,2021년 07월,59601
J01,10_14세,2021년 07월,10198
J01,5_9세,2021년 07월,29949
J01,5세미만,2021년 07월,55824
J02,10_14세,2021년 07월,13445
J02,5_9세,2021년 07월,29224
J02,5세미만,2021년 07월,51030
J03,10_14세,2021년 07월,15095
J03,5_9세,2021년 07월,26465
J03,5세미만,2021년 07월,38188
J04,10_14세,2021년 07월,6266
J04,5_9세,2021년 07월,10216
J04,5세미만,2021년 07월,10294
J06,10_14세,2021년 07월,11540
J06,5_9세,2021년 07월,24586
J06,5세미만,2021년 07월,49862
K12,10_14세,2021년 07월,3747
K12,5_9세,2021년 07월,6375
K12,5세미만,2021년 07월,5926
H10,10_14세,2021년 08월,29070
H10,5_9세,2021년 08월,50679
H10,5세미만,2021년 08월,32012
H16,10_14세,2021년 08월,5643
H16,5_9세,2021년 08월,6077
H16,5세미만,2021년 08월,2562
H20,10_14세,2021년 08월,247
H20,5_9세,2021년 08월,83
H20,5세미만,2021년 08월,9
H30,10_14세,2021년 08월,16
H30,5_9세,2021년 08월,8
H30,5세미만,2021년 08월,0
H40,10_14세,2021년 08월,854
H40,5_9세,2021년 08월,541
H40,5세미만,2021년 08월,94
J00,10_14세,2021년 08월,6261
J00,5_9세,2021년 08월,15686
J00,5세미만,2021년 08월,38293
J01,10_14세,2021년 08월,8108
J01,5_9세,2021년 08월,18823
J01,5세미만,2021년 08월,29086
J02,10_14세,2021년 08월,9924
J02,5_9세,2021년 08월,20084
J02,5세미만,2021년 08월,37260
J03,10_14세,2021년 08월,11237
J03,5_9세,2021년 08월,18215
J03,5세미만,2021년 08월,29066
J04,10_14세,2021년 08월,5359
J04,5_9세,2021년 08월,7608
J04,5세미만,2021년 08월,6335
J06,10_14세,2021년 08월,8853
J06,5_9세,2021년 08월,17037
J06,5세미만,2021년 08월,31712
K12,10_14세,2021년 08월,4012
K12,5_9세,2021년 08월,6355
K12,5세미만,2021년 08월,5694
H10,10_14세,2021년 09월,34008
H10,5_9세,2021년 09월,52446
H10,5세미만,2021년 09월,30095
H16,10_14세,2021년 09월,5304
H16,5_9세,2021년 09월,5573
H16,5세미만,2021년 09월,2342
H20,10_14세,2021년 09월,249
H20,5_9세,2021년 09월,84
H20,5세미만,2021년 09월,11
H30,10_14세,2021년 09월,22
H30,5_9세,2021년 09월,8
H30,5세미만,2021년 09월,0
H40,10_14세,2021년 09월,644
H40,5_9세,2021년 09월,431
H40,5세미만,2021년 09월,82
J00,10_14세,2021년 09월,11290
J00,5_9세,2021년 09월,28520
J00,5세미만,2021년 09월,76639
J01,10_14세,2021년 09월,16252
J01,5_9세,2021년 09월,37917
J01,5세미만,2021년 09월,70619
J02,10_14세,2021년 09월,16745
J02,5_9세,2021년 09월,33936
J02,5세미만,2021년 09월,66994
J03,10_14세,2021년 09월,17829
J03,5_9세,2021년 09월,28941
J03,5세미만,2021년 09월,50291
J04,10_14세,2021년 09월,9903
J04,5_9세,2021년 09월,13285
J04,5세미만,2021년 09월,13753
J06,10_14세,2021년 09월,16707
J06,5_9세,2021년 09월,31583
J06,5세미만,2021년 09월,65554
K12,10_14세,2021년 09월,3405
K12,5_9세,2021년 09월,5676
K12,5세미만,2021년 09월,5085
H10,10_14세,2021년 10월,21670
H10,5_9세,2021년 10월,37774
H10,5세미만,2021년 10월,26410
H16,10_14세,2021년 10월,4936
H16,5_9세,2021년 10월,5002
H16,5세미만,2021년 10월,2179
H20,10_14세,2021년 10월,238
H20,5_9세,2021년 10월,97
H20,5세미만,2021년 10월,9
H30,10_14세,2021년 10월,11
H30,5_9세,2021년 10월,6
H30,5세미만,2021년 10월,1
H40,10_14세,2021년 10월,598
H40,5_9세,2021년 10월,392
H40,5세미만,2021년 10월,76
J00,10_14세,2021년 10월,17330
J00,5_9세,2021년 10월,45504
J00,5세미만,2021년 10월,95866
J01,10_14세,2021년 10월,22596
J01,5_9세,2021년 10월,59131
J01,5세미만,2021년 10월,92613
J02,10_14세,2021년 10월,28328
J02,5_9세,2021년 10월,54644
J02,5세미만,2021년 10월,102787
J03,10_14세,2021년 10월,30998
J03,5_9세,2021년 10월,46985
J03,5세미만,2021년 10월,81951
J04,10_14세,2021년 10월,13848
J04,5_9세,2021년 10월,22309
J04,5세미만,2021년 10월,26125
J06,10_14세,2021년 10월,26987
J06,5_9세,2021년 10월,50494
J06,5세미만,2021년 10월,84768
K12,10_14세,2021년 10월,3746
K12,5_9세,2021년 10월,5702
K12,5세미만,2021년 10월,4740
H10,10_14세,2021년 11월,17114
H10,5_9세,2021년 11월,29209
H10,5세미만,2021년 11월,23313
H16,10_14세,2021년 11월,4665
H16,5_9세,2021년 11월,4522
H16,5세미만,2021년 11월,2264
H20,10_14세,2021년 11월,237
H20,5_9세,2021년 11월,93
H20,5세미만,2021년 11월,2
H30,10_14세,2021년 11월,26
H30,5_9세,2021년 11월,5
H30,5세미만,2021년 11월,0
H40,10_14세,2021년 11월,567
H40,5_9세,2021년 11월,333
H40,5세미만,2021년 11월,66
J00,10_14세,2021년 11월,34532
J00,5_9세,2021년 11월,62260
J00,5세미만,2021년 11월,105655
J01,10_14세,2021년 11월,49472
J01,5_9세,2021년 11월,93748
J01,5세미만,2021년 11월,113692
J02,10_14세,2021년 11월,59056
J02,5_9세,2021년 11월,74554
J02,5세미만,2021년 11월,92004
J03,10_14세,2021년 11월,63484
J03,5_9세,2021년 11월,61089
J03,5세미만,2021년 11월,62960
J04,10_14세,2021년 11월,28266
J04,5_9세,2021년 11월,32186
J04,5세미만,2021년 11월,26014
J06,10_14세,2021년 11월,55584
J06,5_9세,2021년 11월,72667
J06,5세미만,2021년 11월,92365
K12,10_14세,2021년 11월,4489
K12,5_9세,2021년 11월,5573
K12,5세미만,2021년 11월,3917
H10,10_14세,2021년 12월,15211
H10,5_9세,2021년 12월,26417
H10,5세미만,2021년 12월,21931
H16,10_14세,2021년 12월,4522
H16,5_9세,2021년 12월,4536
H16,5세미만,2021년 12월,2162
H20,10_14세,2021년 12월,250
H20,5_9세,2021년 12월,91
H20,5세미만,2021년 12월,12
H30,10_14세,2021년 12월,19
H30,5_9세,2021년 12월,4
H30,5세미만,2021년 12월,2
H40,10_14세,2021년 12월,555
H40,5_9세,2021년 12월,351
H40,5세미만,2021년 12월,81
J00,10_14세,2021년 12월,16489
J00,5_9세,2021년 12월,36650
J00,5세미만,2021년 12월,94605
J01,10_14세,2021년 12월,21356
J01,5_9세,2021년 12월,54756
J01,5세미만,2021년 12월,113825
J02,10_14세,2021년 12월,25465
J02,5_9세,2021년 12월,40975
J02,5세미만,2021년 12월,74773
J03,10_14세,2021년 12월,25924
J03,5_9세,2021년 12월,32397
J03,5세미만,2021년 12월,49324
J04,10_14세,2021년 12월,12194
J04,5_9세,2021년 12월,15939
J04,5세미만,2021년 12월,19751
J06,10_14세,2021년 12월,24047
J06,5_9세,2021년 12월,39326
J06,5세미만,2021년 12월,80788
K12,10_14세,2021년 12월,3472
K12,5_9세,2021년 12월,5259
K12,5세미만,2021년 12월,3657
H10,10_14세,2022년 01월,15392
H10,5_9세,2022년 01월,25963
H10,5세미만,2022년 01월,19811
H16,10_14세,2022년 01월,4587
H16,5_9세,2022년 01월,4465
H16,5세미만,2022년 01월,1917
H20,10_14세,2022년 01월,248
H20,5_9세,2022년 01월,87
H20,5세미만,2022년 01월,4
H30,10_14세,2022년 01월,16
H30,5_9세,2022년 01월,8
H30,5세미만,2022년 01월,0
H40,10_14세,2022년 01월,610
H40,5_9세,2022년 01월,354
H40,5세미만,2022년 01월,86
J00,10_14세,2022년 01월,8950
J00,5_9세,2022년 01월,30978
J00,5세미만,2022년 01월,82524
J01,10_14세,2022년 01월,13478
J01,5_9세,2022년 01월,50174
J01,5세미만,2022년 01월,108914
J02,10_14세,2022년 01월,13703
J02,5_9세,2022년 01월,35672
J02,5세미만,2022년 01월,70222
J03,10_14세,2022년 01월,14564
J03,5_9세,2022년 01월,28940
J03,5세미만,2022년 01월,50106
J04,10_14세,2022년 01월,7014
J04,5_9세,2022년 01월,14135
J04,5세미만,2022년 01월,20507
J06,10_14세,2022년 01월,12771
J06,5_9세,2022년 01월,33848
J06,5세미만,2022년 01월,71915
K12,10_14세,2022년 01월,3543
K12,5_9세,2022년 01월,5277
K12,5세미만,2022년 01월,3282
H10,10_14세,2022년 02월,16018
H10,5_9세,2022년 02월,25250
H10,5세미만,2022년 02월,19253
H16,10_14세,2022년 02월,4701
H16,5_9세,2022년 02월,4364
H16,5세미만,2022년 02월,1898
H20,10_14세,2022년 02월,263
H20,5_9세,2022년 02월,81
H20,5세미만,2022년 02월,7
H30,10_14세,2022년 02월,15
H30,5_9세,2022년 02월,5
H30,5세미만,2022년 02월,1
H40,10_14세,2022년 02월,690
H40,5_9세,2022년 02월,361
H40,5세미만,2022년 02월,61
J00,10_14세,2022년 02월,20298
J00,5_9세,2022년 02월,42164
J00,5세미만,2022년 02월,68105
J01,10_14세,2022년 02월,14742
J01,5_9세,2022년 02월,41354
J01,5세미만,2022년 02월,66121
J02,10_14세,2022년 02월,24817
J02,5_9세,2022년 02월,43175
J02,5세미만,2022년 02월,56851
J03,10_14세,2022년 02월,23707
J03,5_9세,2022년 02월,34544
J03,5세미만,2022년 02월,39489
J04,10_14세,2022년 02월,10384
J04,5_9세,2022년 02월,14780
J04,5세미만,2022년 02월,13639
J06,10_14세,2022년 02월,24688
J06,5_9세,2022년 02월,42245
J06,5세미만,2022년 02월,56421
K12,10_14세,2022년 02월,3571
K12,5_9세,2022년 02월,4624
K12,5세미만,2022년 02월,2863
H10,10_14세,2022년 03월,16336
H10,5_9세,2022년 03월,26832
H10,5세미만,2022년 03월,20580
H16,10_14세,2022년 03월,4341
H16,5_9세,2022년 03월,4205
H16,5세미만,2022년 03월,1901
H20,10_14세,2022년 03월,229
H20,5_9세,2022년 03월,72
H20,5세미만,2022년 03월,6
H30,10_14세,2022년 03월,12
H30,5_9세,2022년 03월,8
H30,5세미만,2022년 03월,1
H40,10_14세,2022년 03월,542
H40,5_9세,2022년 03월,314
H40,5세미만,2022년 03월,74
J00,10_14세,2022년 03월,56115
J00,5_9세,2022년 03월,61666
J00,5세미만,2022년 03월,77647
J01,10_14세,2022년 03월,14409
J01,5_9세,2022년 03월,27654
J01,5세미만,2022년 03월,45619
J02,10_14세,2022년 03월,58871
J02,5_9세,2022년 03월,62279
J02,5세미만,2022년 03월,66218
J03,10_14세,2022년 03월,39536
J03,5_9세,2022년 03월,40468
J03,5세미만,2022년 03월,37628
J04,10_14세,2022년 03월,18899
J04,5_9세,2022년 03월,15999
J04,5세미만,2022년 03월,12066
J06,10_14세,2022년 03월,57235
J06,5_9세,2022년 03월,56754
J06,5세미만,2022년 03월,62670
K12,10_14세,2022년 03월,2841
K12,5_9세,2022년 03월,4155
K12,5세미만,2022년 03월,2780
H10,10_14세,2022년 04월,55201
H10,5_9세,2022년 04월,83533
H10,5세미만,2022년 04월,33641
H16,10_14세,2022년 04월,7276
H16,5_9세,2022년 04월,7315
H16,5세미만,2022년 04월,2462
H20,10_14세,2022년 04월,268
H20,5_9세,2022년 04월,96
H20,5세미만,2022년 04월,11
H30,10_14세,2022년 04월,15
H30,5_9세,2022년 04월,8
H30,5세미만,2022년 04월,0
H40,10_14세,2022년 04월,903
H40,5_9세,2022년 04월,541
H40,5세미만,2022년 04월,68
J00,10_14세,2022년 04월,29795
J00,5_9세,2022년 04월,48880
J00,5세미만,2022년 04월,102920
J01,10_14세,2022년 04월,16950
J01,5_9세,2022년 04월,46553
J01,5세미만,2022년 04월,97828
J02,10_14세,2022년 04월,34819
J02,5_9세,2022년 04월,51090
J02,5세미만,2022년 04월,78996
J03,10_14세,2022년 04월,22911
J03,5_9세,2022년 04월,31999
J03,5세미만,2022년 04월,42504
J04,10_14세,2022년 04월,14721
J04,5_9세,2022년 04월,18501
J04,5세미만,2022년 04월,17386
J06,10_14세,2022년 04월,33891
J06,5_9세,2022년 04월,48106
J06,5세미만,2022년 04월,83141
K12,10_14세,2022년 04월,2993
K12,5_9세,2022년 04월,4762
K12,5세미만,2022년 04월,3044
H10,10_14세,2022년 05월,33059
H10,5_9세,2022년 05월,55725
H10,5세미만,2022년 05월,30753
H16,10_14세,2022년 05월,6643
H16,5_9세,2022년 05월,6574
H16,5세미만,2022년 05월,2523
H20,10_14세,2022년 05월,283
H20,5_9세,2022년 05월,80
H20,5세미만,2022년 05월,7
H30,10_14세,2022년 05월,21
H30,5_9세,2022년 05월,5
H30,5세미만,2022년 05월,0
H40,10_14세,2022년 05월,793
H40,5_9세,2022년 05월,572
H40,5세미만,2022년 05월,97
J00,10_14세,2022년 05월,18101
J00,5_9세,2022년 05월,45061
J00,5세미만,2022년 05월,110656
J01,10_14세,2022년 05월,18327
J01,5_9세,2022년 05월,61126
J01,5세미만,2022년 05월,138300
J02,10_14세,2022년 05월,26765
J02,5_9세,2022년 05월,51444
J02,5세미만,2022년 05월,85422
J03,10_14세,2022년 05월,22464
J03,5_9세,2022년 05월,37154
J03,5세미만,2022년 05월,51621
J04,10_14세,2022년 05월,12449
J04,5_9세,2022년 05월,19775
J04,5세미만,2022년 05월,21586
J06,10_14세,2022년 05월,24544
J06,5_9세,2022년 05월,46662
J06,5세미만,2022년 05월,90989
K12,10_14세,2022년 05월,3324
K12,5_9세,2022년 05월,4931
K12,5세미만,2022년 05월,3262
H10,10_14세,2022년 06월,23698
H10,5_9세,2022년 06월,36857
H10,5세미만,2022년 06월,24163
H16,10_14세,2022년 06월,5939
H16,5_9세,2022년 06월,5459
H16,5세미만,2022년 06월,2200
H20,10_14세,2022년 06월,271
H20,5_9세,2022년 06월,68
H20,5세미만,2022년 06월,12
H30,10_14세,2022년 06월,17
H30,5_9세,2022년 06월,5
H30,5세미만,2022년 06월,1
H40,10_14세,2022년 06월,667
H40,5_9세,2022년 06월,429
H40,5세미만,2022년 06월,79
J00,10_14세,2022년 06월,14588
J00,5_9세,2022년 06월,40883
J00,5세미만,2022년 06월,96079
J01,10_14세,2022년 06월,14640
J01,5_9세,2022년 06월,56116
J01,5세미만,2022년 06월,117036
J02,10_14세,2022년 06월,24391
J02,5_9세,2022년 06월,51780
J02,5세미만,2022년 06월,85375
J03,10_14세,2022년 06월,23481
J03,5_9세,2022년 06월,40867
J03,5세미만,2022년 06월,56928
J04,10_14세,2022년 06월,10353
J04,5_9세,2022년 06월,19399
J04,5세미만,2022년 06월,24002
J06,10_14세,2022년 06월,21318
J06,5_9세,2022년 06월,44271
J06,5세미만,2022년 06월,82042
K12,10_14세,2022년 06월,3395
K12,5_9세,2022년 06월,5092
K12,5세미만,2022년 06월,3887
H10,10_14세,2022년 07월,26170
H10,5_9세,2022년 07월,46310
H10,5세미만,2022년 07월,29483
H16,10_14세,2022년 07월,6075
H16,5_9세,2022년 07월,5868
H16,5세미만,2022년 07월,2555
H20,10_14세,2022년 07월,293
H20,5_9세,2022년 07월,92
H20,5세미만,2022년 07월,10
H30,10_14세,2022년 07월,24
H30,5_9세,2022년 07월,6
H30,5세미만,2022년 07월,1
H40,10_14세,2022년 07월,720
H40,5_9세,2022년 07월,467
H40,5세미만,2022년 07월,84
J00,10_14세,2022년 07월,24703
J00,5_9세,2022년 07월,52393
J00,5세미만,2022년 07월,102166
J01,10_14세,2022년 07월,20959
J01,5_9세,2022년 07월,64056
J01,5세미만,2022년 07월,110328
J02,10_14세,2022년 07월,38473
J02,5_9세,2022년 07월,65734
J02,5세미만,2022년 07월,90180
J03,10_14세,2022년 07월,34059
J03,5_9세,2022년 07월,50200
J03,5세미만,2022년 07월,57089
J04,10_14세,2022년 07월,15633
J04,5_9세,2022년 07월,22424
J04,5세미만,2022년 07월,21885
J06,10_14세,2022년 07월,34133
J06,5_9세,2022년 07월,55149
J06,5세미만,2022년 07월,84952
K12,10_14세,2022년 07월,3841
K12,5_9세,2022년 07월,5701
K12,5세미만,2022년 07월,5881
H10,10_14세,2022년 08월,32911
H10,5_9세,2022년 08월,57009
H10,5세미만,2022년 08월,32372
H16,10_14세,2022년 08월,6752
H16,5_9세,2022년 08월,6627
H16,5세미만,2022년 08월,2729
H20,10_14세,2022년 08월,257
H20,5_9세,2022년 08월,88
H20,5세미만,2022년 08월,9
H30,10_14세,2022년 08월,28
H30,5_9세,2022년 08월,2
H30,5세미만,2022년 08월,0
H40,10_14세,2022년 08월,913
H40,5_9세,2022년 08월,581
H40,5세미만,2022년 08월,79
J00,10_14세,2022년 08월,23250
J00,5_9세,2022년 08월,42004
J00,5세미만,2022년 08월,87973
J01,10_14세,2022년 08월,15853
J01,5_9세,2022년 08월,42328
J01,5세미만,2022년 08월,74303
J02,10_14세,2022년 08월,30030
J02,5_9세,2022년 08월,49200
J02,5세미만,2022년 08월,81521
J03,10_14세,2022년 08월,23998
J03,5_9세,2022년 08월,36129
J03,5세미만,2022년 08월,51531
J04,10_14세,2022년 08월,13109
J04,5_9세,2022년 08월,16563
J04,5세미만,2022년 08월,16433
J06,10_14세,2022년 08월,28415
J06,5_9세,2022년 08월,41392
J06,5세미만,2022년 08월,71747
K12,10_14세,2022년 08월,4001
K12,5_9세,2022년 08월,6193
K12,5세미만,2022년 08월,8643
H10,10_14세,2022년 09월,33088
H10,5_9세,2022년 09월,50496
H10,5세미만,2022년 09월,27581
H16,10_14세,2022년 09월,5806
H16,5_9세,2022년 09월,5277
H16,5세미만,2022년 09월,2242
H20,10_14세,2022년 09월,277
H20,5_9세,2022년 09월,76
H20,5세미만,2022년 09월,8
H30,10_14세,2022년 09월,23
H30,5_9세,2022년 09월,6
H30,5세미만,2022년 09월,0
H40,10_14세,2022년 09월,590
H40,5_9세,2022년 09월,353
H40,5세미만,2022년 09월,67
J00,10_14세,2022년 09월,23067
J00,5_9세,2022년 09월,49399
J00,5세미만,2022년 09월,95118
J01,10_14세,2022년 09월,21925
J01,5_9세,2022년 09월,63006
J01,5세미만,2022년 09월,93680
J02,10_14세,2022년 09월,32147
J02,5_9세,2022년 09월,59315
J02,5세미만,2022년 09월,88832
J03,10_14세,2022년 09월,26425
J03,5_9세,2022년 09월,44489
J03,5세미만,2022년 09월,58969
J04,10_14세,2022년 09월,15673
J04,5_9세,2022년 09월,23122
J04,5세미만,2022년 09월,22086
J06,10_14세,2022년 09월,30719
J06,5_9세,2022년 09월,51390
J06,5세미만,2022년 09월,79646
K12,10_14세,2022년 09월,3130
K12,5_9세,2022년 09월,5118
K12,5세미만,2022년 09월,6705
H10,10_14세,2022년 10월,20313
H10,5_9세,2022년 10월,32226
H10,5세미만,2022년 10월,22898
H16,10_14세,2022년 10월,5361
H16,5_9세,2022년 10월,4711
H16,5세미만,2022년 10월,1981
H20,10_14세,2022년 10월,291
H20,5_9세,2022년 10월,74
H20,5세미만,2022년 10월,9
H30,10_14세,2022년 10월,17
H30,5_9세,2022년 10월,2
H30,5세미만,2022년 10월,0
H40,10_14세,2022년 10월,538
H40,5_9세,2022년 10월,284
H40,5세미만,2022년 10월,46
J00,10_14세,2022년 10월,31716
J00,5_9세,2022년 10월,65632
J00,5세미만,2022년 10월,108800
J01,10_14세,2022년 10월,36642
J01,5_9세,2022년 10월,91698
J01,5세미만,2022년 10월,117667
J02,10_14세,2022년 10월,48626
J02,5_9세,2022년 10월,75128
J02,5세미만,2022년 10월,89117
J03,10_14세,2022년 10월,44130
J03,5_9세,2022년 10월,59482
J03,5세미만,2022년 10월,60316
J04,10_14세,2022년 10월,23122
J04,5_9세,2022년 10월,31216
J04,5세미만,2022년 10월,26450
J06,10_14세,2022년 10월,46415
J06,5_9세,2022년 10월,69510
J06,5세미만,2022년 10월,90520
K12,10_14세,2022년 10월,3509
K12,5_9세,2022년 10월,4785
K12,5세미만,2022년 10월,4075
H10,10_14세,2022년 11월,17255
H10,5_9세,2022년 11월,26955
H10,5세미만,2022년 11월,23252
H16,10_14세,2022년 11월,5543
H16,5_9세,2022년 11월,4760
H16,5세미만,2022년 11월,2084
H20,10_14세,2022년 11월,303
H20,5_9세,2022년 11월,86
H20,5세미만,2022년 11월,7
H30,10_14세,2022년 11월,23
H30,5_9세,2022년 11월,5
H30,5세미만,2022년 11월,2
H40,10_14세,2022년 11월,545
H40,5_9세,2022년 11월,291
H40,5세미만,2022년 11월,55
J00,10_14세,2022년 11월,36685
J00,5_9세,2022년 11월,65403
J00,5세미만,2022년 11월,110707
J01,10_14세,2022년 11월,39147
J01,5_9세,2022년 11월,96865
J01,5세미만,2022년 11월,131405
J02,10_14세,2022년 11월,55427
J02,5_9세,2022년 11월,78008
J02,5세미만,2022년 11월,90209
J03,10_14세,2022년 11월,49231
J03,5_9세,2022년 11월,62382
J03,5세미만,2022년 11월,61969
J04,10_14세,2022년 11월,25205
J04,5_9세,2022년 11월,31692
J04,5세미만,2022년 11월,30024
J06,10_14세,2022년 11월,53300
J06,5_9세,2022년 11월,70281
J06,5세미만,2022년 11월,91530
K12,10_14세,2022년 11월,3605
K12,5_9세,2022년 11월,4591
K12,5세미만,2022년 11월,3475
H10,10_14세,2022년 12월,15308
H10,5_9세,2022년 12월,25241
H10,5세미만,2022년 12월,25436
H16,10_14세,2022년 12월,5228
H16,5_9세,2022년 12월,4642
H16,5세미만,2022년 12월,2377
H20,10_14세,2022년 12월,261
H20,5_9세,2022년 12월,91
H20,5세미만,2022년 12월,9
H30,10_14세,2022년 12월,20
H30,5_9세,2022년 12월,4
H30,5세미만,2022년 12월,2
H40,10_14세,2022년 12월,526
H40,5_9세,2022년 12월,269
H40,5세미만,2022년 12월,71
J00,10_14세,2022년 12월,43408
J00,5_9세,2022년 12월,73832
J00,5세미만,2022년 12월,109163
J01,10_14세,2022년 12월,39244
J01,5_9세,2022년 12월,106700
J01,5세미만,2022년 12월,142230
J02,10_14세,2022년 12월,63107
J02,5_9세,2022년 12월,89476
J02,5세미만,2022년 12월,93677
J03,10_14세,2022년 12월,55567
J03,5_9세,2022년 12월,70457
J03,5세미만,2022년 12월,63675
J04,10_14세,2022년 12월,29598
J04,5_9세,2022년 12월,35378
J04,5세미만,2022년 12월,32130
J06,10_14세,2022년 12월,61677
J06,5_9세,2022년 12월,79447
J06,5세미만,2022년 12월,91639
K12,10_14세,2022년 12월,3472
K12,5_9세,2022년 12월,4229
K12,5세미만,2022년 12월,2913
H10,10_14세,2023년 01월,15952
H10,5_9세,2023년 01월,27372
H10,5세미만,2023년 01월,28878
H16,10_14세,2023년 01월,5063
H16,5_9세,2023년 01월,4539
H16,5세미만,2023년 01월,2621
H20,10_14세,2023년 01월,245
H20,5_9세,2023년 01월,76
H20,5세미만,2023년 01월,6
H30,10_14세,2023년 01월,28
H30,5_9세,2023년 01월,6
H30,5세미만,2023년 01월,2
H40,10_14세,2023년 01월,647
H40,5_9세,2023년 01월,317
H40,5세미만,2023년 01월,72
J00,10_14세,2023년 01월,22093
J00,5_9세,2023년 01월,48235
J00,5세미만,2023년 01월,92487
J01,10_14세,2023년 01월,28698
J01,5_9세,2023년 01월,76251
J01,5세미만,2023년 01월,119790
J02,10_14세,2023년 01월,31889
J02,5_9세,2023년 01월,54764
J02,5세미만,2023년 01월,76620
J03,10_14세,2023년 01월,28924
J03,5_9세,2023년 01월,42197
J03,5세미만,2023년 01월,51143
J04,10_14세,2023년 01월,16603
J04,5_9세,2023년 01월,21487
J04,5세미만,2023년 01월,21801
J06,10_14세,2023년 01월,32099
J06,5_9세,2023년 01월,49541
J06,5세미만,2023년 01월,73338
K12,10_14세,2023년 01월,3093
K12,5_9세,2023년 01월,4072
K12,5세미만,2023년 01월,2525
H10,10_14세,2023년 02월,19495
H10,5_9세,2023년 02월,32501
H10,5세미만,2023년 02월,37859
H16,10_14세,2023년 02월,5868
H16,5_9세,2023년 02월,5265
H16,5세미만,2023년 02월,3334
H20,10_14세,2023년 02월,248
H20,5_9세,2023년 02월,88
H20,5세미만,2023년 02월,18
H30,10_14세,2023년 02월,21
H30,5_9세,2023년 02월,5
H30,5세미만,2023년 02월,1
H40,10_14세,2023년 02월,786
H40,5_9세,2023년 02월,398
H40,5세미만,2023년 02월,73
J00,10_14세,2023년 02월,15143
J00,5_9세,2023년 02월,50660
J00,5세미만,2023년 02월,100016
J01,10_14세,2023년 02월,23533
J01,5_9세,2023년 02월,87912
J01,5세미만,2023년 02월,143762
J02,10_14세,2023년 02월,23627
J02,5_9세,2023년 02월,56060
J02,5세미만,2023년 02월,77610
J03,10_14세,2023년 02월,22901
J03,5_9세,2023년 02월,44076
J03,5세미만,2023년 02월,52566
J04,10_14세,2023년 02월,12461
J04,5_9세,2023년 02월,22132
J04,5세미만,2023년 02월,22581
J06,10_14세,2023년 02월,22960
J06,5_9세,2023년 02월,52957
J06,5세미만,2023년 02월,81085
K12,10_14세,2023년 02월,3530
K12,5_9세,2023년 02월,4463
K12,5세미만,2023년 02월,2685
H10,10_14세,2023년 03월,20368
H10,5_9세,2023년 03월,40592
H10,5세미만,2023년 03월,58747
H16,10_14세,2023년 03월,5533
H16,5_9세,2023년 03월,5451
H16,5세미만,2023년 03월,4315
H20,10_14세,2023년 03월,260
H20,5_9세,2023년 03월,80
H20,5세미만,2023년 03월,11
H30,10_14세,2023년 03월,20
H30,5_9세,2023년 03월,2
H30,5세미만,2023년 03월,2
H40,10_14세,2023년 03월,576
H40,5_9세,2023년 03월,308
H40,5세미만,2023년 03월,106
J00,10_14세,2023년 03월,34825
J00,5_9세,2023년 03월,66294
J00,5세미만,2023년 03월,118929
J01,10_14세,2023년 03월,44726
J01,5_9세,2023년 03월,114022
J01,5세미만,2023년 03월,180663
J02,10_14세,2023년 03월,57624
J02,5_9세,2023년 03월,78817
J02,5세미만,2023년 03월,93614
J03,10_14세,2023년 03월,55727
J03,5_9세,2023년 03월,65698
J03,5세미만,2023년 03월,68358
J04,10_14세,2023년 03월,27629
J04,5_9세,2023년 03월,30665
J04,5세미만,2023년 03월,27232
J06,10_14세,2023년 03월,55222
J06,5_9세,2023년 03월,71309
J06,5세미만,2023년 03월,97380
K12,10_14세,2023년 03월,3519
K12,5_9세,2023년 03월,4586
K12,5세미만,2023년 03월,3057
H10,10_14세,2023년 04월,45957
H10,5_9세,2023년 04월,90321
H10,5세미만,2023년 04월,78721
H16,10_14세,2023년 04월,6875
H16,5_9세,2023년 04월,7929
H16,5세미만,2023년 04월,4808
H20,10_14세,2023년 04월,241
H20,5_9세,2023년 04월,91
H20,5세미만,2023년 04월,15
H30,10_14세,2023년 04월,10
H30,5_9세,2023년 04월,4
H30,5세미만,2023년 04월,2
H40,10_14세,2023년 04월,768
H40,5_9세,2023년 04월,489
H40,5세미만,2023년 04월,84
J00,10_14세,2023년 04월,43239
J00,5_9세,2023년 04월,75860
J00,5세미만,2023년 04월,110537
J01,10_14세,2023년 04월,61337
J01,5_9세,2023년 04월,141550
J01,5세미만,2023년 04월,183853
J02,10_14세,2023년 04월,67471
J02,5_9세,2023년 04월,90150
J02,5세미만,2023년 04월,94509
J03,10_14세,2023년 04월,64972
J03,5_9세,2023년 04월,79859
J03,5세미만,2023년 04월,77196
J04,10_14세,2023년 04월,35816
J04,5_9세,2023년 04월,39143
J04,5세미만,2023년 04월,28822
J06,10_14세,2023년 04월,68719
J06,5_9세,2023년 04월,84782
J06,5세미만,2023년 04월,94272
K12,10_14세,2023년 04월,3739
K12,5_9세,2023년 04월,5219
K12,5세미만,2023년 04월,6177
H10,10_14세,2023년 05월,27539
H10,5_9세,2023년 05월,56634
H10,5세미만,2023년 05월,55214
H16,10_14세,2023년 05월,6336
H16,5_9세,2023년 05월,6364
H16,5세미만,2023년 05월,3683
H20,10_14세,2023년 05월,271
H20,5_9세,2023년 05월,84
H20,5세미만,2023년 05월,12
H30,10_14세,2023년 05월,13
H30,5_9세,2023년 05월,5
H30,5세미만,2023년 05월,5
H40,10_14세,2023년 05월,680
H40,5_9세,2023년 05월,502
H40,5세미만,2023년 05월,92
J00,10_14세,2023년 05월,38433
J00,5_9세,2023년 05월,63976
J00,5세미만,2023년 05월,104258
J01,10_14세,2023년 05월,52524
J01,5_9세,2023년 05월,112684
J01,5세미만,2023년 05월,143478
J02,10_14세,2023년 05월,59862
J02,5_9세,2023년 05월,82177
J02,5세미만,2023년 05월,98246
J03,10_14세,2023년 05월,60029
J03,5_9세,2023년 05월,77644
J03,5세미만,2023년 05월,82606
J04,10_14세,2023년 05월,30918
J04,5_9세,2023년 05월,33721
J04,5세미만,2023년 05월,25710
J06,10_14세,2023년 05월,60387
J06,5_9세,2023년 05월,72807
J06,5세미만,2023년 05월,89802
K12,10_14세,2023년 05월,3738
K12,5_9세,2023년 05월,8229
K12,5세미만,2023년 05월,17378
H10,10_14세,2023년 06월,28046
H10,5_9세,2023년 06월,51515
H10,5세미만,2023년 06월,42076
H16,10_14세,2023년 06월,6607
H16,5_9세,2023년 06월,6452
H16,5세미만,2023년 06월,3135
H20,10_14세,2023년 06월,266
H20,5_9세,2023년 06월,94
H20,5세미만,2023년 06월,10
H30,10_14세,2023년 06월,17
H30,5_9세,2023년 06월,0
H30,5세미만,2023년 06월,1
H40,10_14세,2023년 06월,686
H40,5_9세,2023년 06월,456
H40,5세미만,2023년 06월,81
J00,10_14세,2023년 06월,29153
J00,5_9세,2023년 06월,53350
J00,5세미만,2023년 06월,92613
J01,10_14세,2023년 06월,38393
J01,5_9세,2023년 06월,78998
J01,5세미만,2023년 06월,102600
J02,10_14세,2023년 06월,47067
J02,5_9세,2023년 06월,74438
J02,5세미만,2023년 06월,90868
J03,10_14세,2023년 06월,47752
J03,5_9세,2023년 06월,72896
J03,5세미만,2023년 06월,75455
J04,10_14세,2023년 06월,23773
J04,5_9세,2023년 06월,27313
J04,5세미만,2023년 06월,21484
J06,10_14세,2023년 06월,45967
J06,5_9세,2023년 06월,60387
J06,5세미만,2023년 06월,78160
K12,10_14세,2023년 06월,3768
K12,5_9세,2023년 06월,8551
K12,5세미만,2023년 06월,15003
H10,10_14세,2023년 07월,32029
H10,5_9세,2023년 07월,68398
H10,5세미만,2023년 07월,54092
H16,10_14세,2023년 07월,6662
H16,5_9세,2023년 07월,7486
H16,5세미만,2023년 07월,4065
H20,10_14세,2023년 07월,231
H20,5_9세,2023년 07월,80
H20,5세미만,2023년 07월,13
H30,10_14세,2023년 07월,20
H30,5_9세,2023년 07월,6
H30,5세미만,2023년 07월,1
H40,10_14세,2023년 07월,741
H40,5_9세,2023년 07월,470
H40,5세미만,2023년 07월,90
J00,10_14세,2023년 07월,31472
J00,5_9세,2023년 07월,70676
J00,5세미만,2023년 07월,104610
J01,10_14세,2023년 07월,39997
J01,5_9세,2023년 07월,100766
J01,5세미만,2023년 07월,114409
J02,10_14세,2023년 07월,52692
J02,5_9세,2023년 07월,113337
J02,5세미만,2023년 07월,116074
J03,10_14세,2023년 07월,54130
J03,5_9세,2023년 07월,119463
J03,5세미만,2023년 07월,104683
J04,10_14세,2023년 07월,25675
J04,5_9세,2023년 07월,39171
J04,5세미만,2023년 07월,29264
J06,10_14세,2023년 07월,50366
J06,5_9세,2023년 07월,85983
J06,5세미만,2023년 07월,93014
K12,10_14세,2023년 07월,4289
K12,5_9세,2023년 07월,11824
K12,5세미만,2023년 07월,18066
