"시군구별",2023.07,2023.08,2023.09,2023.10,2023.11,2023.12,2014,2015,2016,2017,2018,2019,2020,2021,2022,2023
"전국",14153,14610,12940,15983,16694,17582,305507,302828,281635,264455,257622,239159,213502,192507,191690,193657
"서울특별시",2770,2739,2462,2914,2931,3202,64823,64193,57643,53776,52005,48261,44746,37012,35752,36324
"종로구",42,40,27,38,39,35,840,806,760,700,676,590,565,478,486,440
"중구",43,36,41,56,55,54,851,916,799,792,778,722,653,590,511,595
"용산구",79,85,65,104,88,92,1560,1515,1366,1357,1400,1303,1175,995,948,1002
"성동구",93,88,94,115,110,115,2125,2083,1944,2096,2000,1758,1573,1272,1179,1280
"광진구",120,122,88,106,104,112,2589,2576,2285,2082,2164,1893,1661,1399,1317,1361
"동대문구",100,103,97,104,117,102,2123,2159,1796,1657,1747,1613,1524,1228,1201,1317
"중랑구",104,118,118,137,108,137,2769,2716,2591,2302,2253,2031,1850,1618,1723,1595
"성북구",98,109,95,115,104,132,2415,2379,2131,1917,1919,1880,1672,1471,1429,1396
"강북구",58,71,73,81,70,77,1819,1715,1500,1436,1344,1260,1041,891,838,844
"도봉구",69,55,57,76,70,72,1791,1810,1636,1543,1471,1316,1187,963,940,913
"노원구",118,126,110,137,137,130,3176,3146,2778,2420,2240,2138,1961,1765,1748,1639
"은평구",102,118,115,128,137,171,2916,2812,2573,2331,2364,2178,2061,1590,1585,1621
"서대문구",102,86,63,77,82,89,1732,1722,1660,1546,1393,1440,1260,1042,1051,1130
"마포구",114,122,116,116,126,140,2827,3205,2588,2294,2229,2029,1929,1578,1520,1573
"양천구",94,92,97,86,106,112,2490,2516,2258,2021,1957,1705,1637,1359,1339,1252
"강서구",191,172,161,190,198,247,4338,4578,4111,4069,3835,3589,3233,2669,2614,2558
"구로구",124,126,107,136,141,161,3156,3045,2674,2460,2286,2063,2063,1671,1562,1655
"금천구",80,60,71,70,87,101,1556,1481,1324,1439,1269,1243,1285,1061,1149,1034
"영등포구",165,161,134,165,169,191,2951,2934,2609,2539,2664,2449,2421,2079,1978,2053
"동작구",132,116,92,119,105,146,2962,2855,2514,2282,2097,2057,1906,1568,1481,1533
"관악구",156,141,132,150,149,154,3949,3859,3537,3205,3090,2802,2529,2110,1981,1951
"서초구",129,105,101,119,103,121,2871,2846,2676,2288,2234,2084,1861,1469,1306,1425
"강남구",133,161,124,154,176,199,3560,3380,3032,2677,2519,2338,2046,1680,1666,1961
"송파구",190,205,172,185,216,180,4480,4386,4102,3896,3705,3651,3220,2574,2555,2513
"강동구",134,121,112,150,134,132,2977,2753,2399,2427,2371,2129,2433,1892,1645,1683
"부산광역시",737,776,692,871,884,893,18927,18553,17113,15677,14781,13780,12128,11081,10618,10303
"중구",7,10,6,10,11,8,297,261,214,224,184,163,135,164,125,116
"서구",17,21,23,25,32,27,554,557,476,435,420,391,343,347,319,301
"동구",26,17,35,38,38,31,493,422,385,361,384,369,425,388,339,352
"영도구",17,24,17,22,21,27,611,546,521,436,413,366,307,304,286,267
"부산진구",99,107,90,100,105,118,2309,2131,1914,1819,1741,1475,1418,1336,1244,1365
"동래구",67,75,60,59,67,67,1339,1223,1237,1088,1064,1058,974,793,768,817
"남구",45,68,51,55,66,63,1448,1313,1153,1023,1065,1045,761,702,671,713
"북구",63,71,52,63,78,65,1550,1652,1668,1357,1238,1084,1016,971,983,864
"해운대구",72,67,79,72,86,101,1936,2040,1760,1576,1456,1471,1306,1137,1048,1032
"사하구",53,49,60,78,68,69,1922,1786,1738,1697,1505,1337,1096,963,990,847
"금정구",41,46,38,68,46,49,1177,1184,1004,974,930,815,663,653,590,593
"강서구",52,48,42,60,48,48,624,768,839,905,851,804,712,699,651,619
"연제구",30,39,33,60,60,58,1114,1071,1030,960,904,997,806,688,665,603
"수영구",54,46,34,49,50,37,1096,1159,983,884,856,814,697,561,624,568
"사상구",49,43,42,64,60,67,1403,1382,1209,1106,998,845,730,722,616,649
"기장군",0,0,0,0,0,0,1054,1058,982,832,772,746,739,653,699,0
"기장군",45,45,30,48,48,58,-,-,-,-,-,-,-,-,-,597
"대구광역시",626,649,546,689,765,780,12552,12545,12216,11392,10967,9880,8340,7287,7497,8150
"중구",27,36,31,44,52,43,488,502,469,363,428,363,311,286,357,459
"동구",114,118,96,106,129,139,1939,1956,1978,1753,1725,1510,1288,1224,1254,1359
"서구",44,49,30,59,50,59,1137,1036,946,771,766,605,492,415,407,539
"남구",52,32,37,39,41,55,893,939,830,732,667,625,521,467,467,547
"북구",115,109,79,112,129,128,2239,2206,2126,2077,1984,1810,1546,1335,1394,1361
"수성구",57,90,73,84,93,104,1864,1691,1572,1403,1314,1213,1072,1007,946,997
"달서구",133,143,128,154,155,143,3038,3117,2786,2521,2379,2249,1895,1532,1599,1789
"달성군",0,0,0,0,0,0,954,1098,1509,1772,1704,1505,1215,1021,1073,0
"달성군",83,68,72,91,111,104,-,-,-,-,-,-,-,-,-,1063
"군위군",1,4,0,0,5,5,-,-,-,-,-,-,-,-,-,36
"인천광역시",835,908,806,952,964,1108,17251,17118,16092,15235,14850,13401,11574,10881,10849,11621
"중구",57,53,61,71,55,76,731,701,677,704,709,757,661,704,671,775
"동구",19,13,16,28,23,19,401,365,380,310,308,238,172,195,213,230
"남구",0,0,0,0,0,0,2567,2463,2428,2441,0,0,0,0,0,0
"연수구",91,107,82,93,117,133,1706,1638,1627,1535,1546,1751,1539,1466,1229,1317
"남동구",139,123,131,135,142,183,3067,3256,3036,2826,2679,2311,2095,1788,1785,1770
"부평구",139,157,115,163,164,192,3468,3396,3064,2851,2651,2191,1872,1774,1791,1981
"계양구",70,76,78,77,71,87,1964,1934,1690,1585,1493,1249,1020,1009,1004,962
"서구",200,229,192,223,237,247,3002,2970,2860,2630,2935,2692,2225,2076,2268,2674
"미추홀구",105,133,107,140,130,146,-,-,-,-,2200,1883,1709,1588,1651,1630
"강화군",0,0,0,0,0,0,210,265,219,234,207,221,195,190,166,0
"옹진군",0,0,0,0,0,0,135,130,111,119,122,108,86,91,71,0
"강화군",8,9,13,12,18,19,-,-,-,-,-,-,-,-,-,181
"옹진군",7,8,11,10,7,6,-,-,-,-,-,-,-,-,-,101
"광주광역시",351,380,308,436,420,449,8213,7945,7468,7141,6632,6297,5560,4901,4902,5169
"동구",32,27,25,39,30,52,496,453,452,450,378,430,410,368,381,460
"서구",70,75,56,99,89,84,1681,1629,1655,1532,1289,1263,1044,911,902,993
"남구",36,46,43,50,47,57,1016,1064,989,926,837,789,721,586,660,658
"북구",97,112,87,121,130,129,2674,2463,2190,2153,2178,1887,1694,1536,1504,1520
"광산구",116,120,97,127,124,127,2346,2336,2182,2080,1950,1928,1691,1500,1455,1538
"대전광역시",395,365,345,408,450,424,9118,8805,8325,7697,7377,6602,5976,5419,5662,5212
"동구",63,42,53,65,54,53,1342,1241,1178,1039,983,937,799,771,782,713
"중구",35,43,43,64,61,47,1405,1303,1212,1106,1034,901,758,666,729,621
"서구",120,132,109,131,139,156,2905,2906,2624,2584,2446,2213,2059,1862,1888,1777
"유성구",132,106,101,110,141,133,2314,2272,2320,2126,2107,1879,1721,1470,1588,1567
"대덕구",45,42,39,38,55,35,1152,1083,991,842,807,672,639,650,675,534
"울산광역시",339,304,252,373,410,398,7674,7483,7006,6331,5894,5442,4737,4077,4013,4274
"중구",56,49,39,66,86,72,1374,1427,1361,1210,1038,952,790,661,645,726
"남구",100,81,82,118,137,136,2274,2075,1939,1785,1662,1540,1395,1189,1141,1277
"동구",50,53,33,52,44,45,1495,1451,1395,1085,882,703,630,531,498,572
"북구",65,71,64,78,78,76,1270,1258,1197,1200,1241,1274,1047,927,918,933
"울주군",0,0,0,0,0,0,1261,1272,1114,1051,1071,973,875,769,811,0
"울주군",68,50,34,59,65,69,-,-,-,-,-,-,-,-,-,766
"세종특별자치시",120,133,97,132,143,146,920,1498,1612,1728,2038,2039,1854,1627,1664,1705
"세종시",120,133,97,132,143,146,920,1498,1612,1728,2038,2039,1854,1627,1664,1705
"경기도",3943,4067,3747,4515,4632,5049,74306,73950,70052,66429,66877,62356,57814,54658,54178,54221
"수원시",382,396,393,439,468,521,7986,7997,7765,7112,6902,6026,5539,5229,5111,5523
"장안구",54,61,64,84,75,104,1693,1650,1433,1248,1237,1053,960,910,924,965
"권선구",120,121,131,133,124,137,2342,2463,2457,2310,2293,1978,1800,1674,1659,1699
"팔달구",73,81,80,82,108,102,1383,1286,1289,1165,1077,892,764,866,913,1061
"영통구",135,133,118,140,161,178,2568,2598,2586,2389,2295,2103,2015,1779,1615,1798
"성남시",251,260,275,339,322,330,6862,6424,6050,5162,5228,4453,4269,3565,3865,3757
"수정구",66,77,57,98,97,94,1681,1494,1531,1314,1408,1223,1213,1027,1003,1043
"중원구",71,62,63,86,90,87,1636,1533,1394,1129,1217,1088,1039,868,930,965
"분당구",114,121,155,155,135,149,3545,3397,3125,2719,2603,2142,2017,1670,1932,1749
"의정부시",121,105,117,122,144,162,2248,2164,2149,2019,2025,1876,1800,1630,1732,1649
"안양시",196,183,165,159,173,225,3619,3774,3308,3158,2935,2693,2337,2229,2305,2219
"만안구",72,87,64,67,76,86,1378,1503,1424,1372,1254,1167,1020,966,946,927
"동안구",124,96,101,92,97,139,2241,2271,1884,1786,1681,1526,1317,1263,1359,1292
"부천시",212,196,170,236,206,225,5209,4982,4769,4459,4434,3646,3225,3183,3013,2718
"원미구",0,0,0,0,0,0,2834,2707,-,-,0,0,0,0,0,0
"소사구",0,0,0,0,0,0,1394,1309,-,-,0,0,0,0,0,0
"오정구",0,0,0,0,0,0,981,966,-,-,0,0,0,0,0,0
"광명시",69,73,75,79,89,111,2197,2111,1897,1722,1674,1489,1230,1103,1113,1070
"평택시",238,245,207,270,266,300,2906,2855,2901,2887,2886,3016,2863,2896,2915,3169
"동두천시",24,23,22,27,30,29,565,502,501,423,433,361,327,335,312,320
"안산시",169,182,169,204,203,211,4351,4327,3944,3517,3589,3332,2918,2709,2620,2429
"상록구",78,76,87,101,82,100,2395,2444,2190,1954,1970,1654,1461,1365,1373,1143
"단원구",91,106,82,103,121,111,1956,1883,1754,1563,1619,1678,1457,1344,1247,1286
"고양시",275,269,223,288,316,385,5325,5361,4932,4730,4317,4440,4188,4172,3905,3671
"덕양구",127,139,135,132,158,209,2383,2502,2214,2132,2009,2141,2031,2129,1982,1904
"일산구",0,0,0,0,0,0,-,-,-,-,0,0,0,0,0,0
"일산동구",71,72,50,83,84,90,1551,1531,1504,1429,1275,1169,1097,1076,1026,911
"일산서구",77,58,38,73,74,86,1391,1328,1214,1169,1033,1130,1060,967,897,856
"과천시",18,27,25,27,29,21,330,385,266,207,232,240,311,340,484,306
"구리시",35,66,61,63,41,39,944,930,874,948,923,793,730,680,691,652
"남양주시",174,181,155,199,209,204,3179,3269,3037,2675,2759,2630,2362,2458,2586,2349
"오산시",84,78,62,94,91,96,1522,1411,1373,1294,1332,1223,1160,1001,1019,1022
"시흥시",162,181,187,202,182,194,2388,2387,2195,2303,2582,2596,2534,2361,2305,2314
"군포시",60,72,80,79,88,96,1954,1974,1772,1639,1428,1294,1167,1103,1053,1024
"의왕시",43,56,45,63,49,50,877,809,756,621,613,628,677,601,621,567
"하남시",102,97,104,137,135,128,793,891,1124,1193,1357,1309,1357,1615,1379,1430
"용인시",271,298,246,330,309,366,5447,5207,4680,4528,4581,4670,4232,3529,3504,3773
"처인구",72,81,69,89,85,84,1313,1281,1136,1160,1281,1252,1115,941,977,990
"기흥구",112,126,94,142,128,157,2332,2258,1969,1849,1757,1843,1649,1399,1395,1469
"수지구",87,91,83,99,96,125,1802,1668,1575,1519,1543,1575,1468,1189,1132,1314
"파주시",127,120,126,147,175,172,2511,2526,2329,2310,2324,2127,1866,1907,2014,1778
"이천시",75,81,71,91,90,92,1223,1169,1108,1079,1059,1059,995,1035,948,1070
"안성시",59,48,44,62,77,87,1012,988,998,907,921,871,773,768,684,746
"김포시",129,139,124,147,183,180,2038,1935,1720,1908,2076,1934,2031,1859,1796,1827
"화성시",363,396,324,364,374,454,3387,3960,4247,4363,4933,4788,4547,4331,4124,4610
"광주시",114,102,107,113,136,121,2027,2180,2162,2173,2210,1931,1736,1635,1521,1524
"양주시",78,69,70,92,92,95,1030,1070,971,910,994,958,896,777,863,1009
"포천시",38,35,25,44,53,46,828,759,755,727,715,641,569,520,606,553
"여주시",20,32,25,19,35,50,608,546,525,476,484,466,425,338,376,405
"양주군",0,0,0,0,0,0,-,-,-,-,0,0,0,0,0,0
"여주군",0,0,0,0,0,0,-,-,-,-,0,0,0,0,0,0
"화성군",0,0,0,0,0,0,-,-,-,-,0,0,0,0,0,0
"광주군",0,0,0,0,0,0,-,-,-,-,0,0,0,0,0,0
"연천군",0,0,0,0,0,0,223,245,230,248,269,214,206,162,168,0
"포천군",0,0,0,0,0,0,-,-,-,-,0,0,0,0,0,0
"가평군",0,0,0,0,0,0,280,315,269,269,244,272,202,221,220,0
"양평군",0,0,0,0,0,0,437,497,445,462,418,380,342,366,325,0
"안성군",0,0,0,0,0,0,-,-,-,-,0,0,0,0,0,0
"김포군",0,0,0,0,0,0,-,-,-,-,0,0,0,0,0,0
"연천군",12,13,7,23,11,7,-,-,-,-,-,-,-,-,-,167
"가평군",14,18,18,19,26,18,-,-,-,-,-,-,-,-,-,214
"양평군",28,26,25,37,30,34,-,-,-,-,-,-,-,-,-,356
"강원특별자치도",415,406,367,464,499,519,7785,7876,7468,7295,6994,6762,5868,5622,5572,5494
"춘천시",94,55,75,85,85,102,1330,1412,1332,1292,1244,1186,1041,1029,1048,1017
"원주시",102,138,96,122,134,131,1708,1789,1763,1740,1645,1698,1514,1482,1457,1491
"강릉시",33,49,44,55,62,57,983,977,920,924,876,893,801,799,691,626
"동해시",22,25,23,21,35,32,481,475,447,419,375,382,327,339,300,301
"태백시",11,12,7,12,17,11,232,215,192,209,158,167,147,86,99,126
"속초시",25,21,21,31,26,35,442,382,353,358,344,316,312,305,309,333
"삼척시",16,13,12,14,17,14,336,336,289,274,298,257,208,181,190,211
"홍천군",0,0,0,0,0,0,362,337,304,322,313,258,227,237,229,0
"횡성군",0,0,0,0,0,0,211,170,169,172,174,184,131,117,107,0
"영월군",0,0,0,0,0,0,144,168,182,139,145,138,106,95,100,0
"평창군",0,0,0,0,0,0,166,195,184,184,164,132,126,112,115,0
"정선군",0,0,0,0,0,0,217,184,171,157,171,142,113,110,99,0
"철원군",0,0,0,0,0,0,274,289,295,272,287,250,207,189,178,0
"화천군",0,0,0,0,0,0,212,236,190,196,190,177,123,131,151,0
"양구군",0,0,0,0,0,0,156,185,168,172,152,135,113,99,102,0
"인제군",0,0,0,0,0,0,235,246,232,210,216,205,169,142,187,0
"고성군",0,0,0,0,0,0,149,171,178,137,140,130,98,93,111,0
"양양군",0,0,0,0,0,0,147,109,99,118,102,112,105,76,99,0
"홍천군",22,18,15,21,18,28,-,-,-,-,-,-,-,-,-,255
"횡성군",8,7,10,12,15,11,-,-,-,-,-,-,-,-,-,125
"영월군",6,6,8,9,7,6,-,-,-,-,-,-,-,-,-,83
"평창군",14,9,8,8,11,14,-,-,-,-,-,-,-,-,-,133
"정선군",3,8,5,12,13,7,-,-,-,-,-,-,-,-,-,104
"철원군",14,10,10,12,16,11,-,-,-,-,-,-,-,-,-,161
"화천군",10,8,5,12,6,9,-,-,-,-,-,-,-,-,-,103
"양구군",4,5,2,11,9,10,-,-,-,-,-,-,-,-,-,96
"인제군",15,12,12,8,12,17,-,-,-,-,-,-,-,-,-,146
"고성군",10,4,6,7,6,11,-,-,-,-,-,-,-,-,-,94
"양양군",6,6,8,12,10,13,-,-,-,-,-,-,-,-,-,89
"충청북도",385,459,430,509,576,544,8774,8872,8334,7990,7827,7239,6682,5882,6185,6212
"청주시",0,0,0,0,0,0,-,-,-,-,0,0,0,0,0,0
"상당구",0,0,0,0,0,0,-,-,-,-,0,0,0,0,0,0
"흥덕구",0,0,0,0,0,0,-,-,-,-,0,0,0,0,0,0
"충주시",37,57,54,79,69,75,1008,1070,934,954,1003,870,811,747,783,748
"제천시",25,39,23,29,33,26,659,634,619,569,576,531,417,391,449,416
"청주시",225,267,264,276,360,309,5141,5112,4810,4532,4387,4181,3938,3475,3596,3672
"상당구",52,44,57,57,90,67,914,842,782,671,685,675,727,686,662,783
"서원구",36,48,45,54,76,50,1261,1177,1037,1007,973,792,765,651,681,692
"흥덕구",82,99,103,105,115,112,1607,1637,1551,1494,1424,1452,1396,1227,1291,1268
"청원구",55,76,59,60,79,80,1359,1456,1440,1360,1305,1262,1050,911,962,929
"청원군",0,0,0,0,0,0,-,-,-,-,0,0,0,0,0,0
"보은군",0,0,0,0,0,0,128,146,115,125,97,103,75,60,78,0
"옥천군",0,0,0,0,0,0,242,202,187,181,170,167,135,114,114,0
"영동군",0,0,0,0,0,0,178,190,188,166,189,122,97,99,100,0
"진천군",0,0,0,0,0,0,388,387,362,420,430,438,430,375,376,0
"괴산군",0,0,0,0,0,0,145,168,155,149,132,116,123,78,88,0
"음성군",0,0,0,0,0,0,546,569,589,533,508,421,395,320,335,0
"단양군",0,0,0,0,0,0,125,125,113,113,104,100,66,80,66,0
"증평군",0,0,0,0,0,0,214,269,262,248,231,190,195,143,200,0
"보은군",7,7,7,4,7,9,-,-,-,-,-,-,-,-,-,79
"옥천군",11,7,6,13,11,9,-,-,-,-,-,-,-,-,-,112
"영동군",8,7,10,10,7,4,-,-,-,-,-,-,-,-,-,98
"진천군",24,29,25,30,28,44,-,-,-,-,-,-,-,-,-,395
"괴산군",5,5,5,11,7,10,-,-,-,-,-,-,-,-,-,86
"음성군",23,21,20,28,38,29,-,-,-,-,-,-,-,-,-,350
"단양군",6,2,5,11,6,4,-,-,-,-,-,-,-,-,-,63
"증평군",14,18,11,18,10,25,-,-,-,-,-,-,-,-,-,193
"충청남도",568,592,558,717,761,763,12040,12331,11792,10961,10970,9826,8493,8016,8017,8264
"천안시",194,175,206,254,278,265,4084,4271,4262,3907,4045,3687,3316,2996,2785,2875
"동남구",62,68,80,83,90,85,1512,1536,1488,1245,1380,1210,1099,887,920,1016
"서북구",132,107,126,171,188,180,2572,2735,2774,2662,2665,2477,2217,2109,1865,1859
"공주시",26,22,15,18,21,33,538,484,403,383,399,362,296,260,300,256
"보령시",23,32,14,22,33,29,474,508,488,444,430,408,325,313,319,331
"아산시",79,106,111,145,158,150,2108,2176,1973,1921,1800,1554,1339,1419,1421,1512
"서산시",46,57,44,77,58,61,1036,1037,1007,977,1003,873,742,759,751,704
"논산시",31,32,25,35,39,36,545,558,529,484,489,428,361,314,356,402
"계룡시",15,11,7,17,20,19,143,171,171,130,123,119,119,120,132,171
"당진시",54,61,47,49,60,57,1183,1228,1124,1047,1062,851,756,688,725,748
"금산군",0,0,0,0,0,0,225,229,197,149,165,170,110,107,134,0
"연기군",0,0,0,0,0,0,-,-,-,-,0,0,0,0,0,0
"부여군",0,0,0,0,0,0,269,264,237,220,206,169,145,149,162,0
"서천군",0,0,0,0,0,0,208,209,188,172,175,153,119,110,105,0
"청양군",0,0,0,0,0,0,129,112,115,108,93,91,72,71,67,0
"홍성군",0,0,0,0,0,0,409,454,522,494,490,408,348,295,325,0
"예산군",0,0,0,0,0,0,390,338,306,283,264,291,240,200,214,0
"태안군",0,0,0,0,0,0,299,292,270,242,226,262,205,215,221,0
"당진군",0,0,0,0,0,0,-,-,-,-,0,0,0,0,0,0
"금산군",3,9,10,6,16,10,-,-,-,-,-,-,-,-,-,123
"부여군",8,9,12,8,12,9,-,-,-,-,-,-,-,-,-,139
"서천군",10,11,8,13,10,14,-,-,-,-,-,-,-,-,-,142
"청양군",5,9,6,9,7,7,-,-,-,-,-,-,-,-,-,77
"홍성군",28,18,20,32,27,42,-,-,-,-,-,-,-,-,-,322
"예산군",28,24,21,19,18,24,-,-,-,-,-,-,-,-,-,287
"태안군",18,16,12,13,4,7,-,-,-,-,-,-,-,-,-,175
"전북특별자치도",415,411,338,454,521,529,9211,9060,8216,7817,7219,7005,6053,5325,5394,5483
"전주시",176,157,137,189,223,207,3457,3406,3084,2911,2944,2828,2447,2185,2299,2210
"완산구",82,62,74,85,116,89,1853,1827,1631,1540,1440,1290,1190,1023,1154,1049
"덕진구",94,95,63,104,107,118,1604,1579,1453,1371,1504,1538,1257,1162,1145,1161
"군산시",64,56,47,76,79,77,1579,1606,1437,1322,1140,1089,1015,830,817,825
"익산시",53,62,41,52,67,74,1484,1544,1344,1246,1063,1010,820,878,692,751
"정읍시",23,31,23,20,21,28,503,475,414,437,374,375,306,271,281,306
"남원시",8,16,8,9,19,13,334,309,328,324,261,269,211,164,207,171
"김제시",17,16,18,22,28,25,370,337,302,313,267,240,289,207,229,275
"완주군",0,0,0,0,0,0,491,468,431,432,376,360,310,282,334,0
"진안군",0,0,0,0,0,0,104,83,93,74,86,77,62,53,50,0
"무주군",0,0,0,0,0,0,96,117,85,73,94,88,69,58,50,0
"장수군",0,0,0,0,0,0,78,84,81,80,77,76,54,39,51,0
"임실군",0,0,0,0,0,0,127,94,111,111,99,102,87,58,69,0
"순창군",0,0,0,0,0,0,119,114,105,103,63,93,66,42,51,0
"고창군",0,0,0,0,0,0,231,209,222,204,185,203,150,129,135,0
"부안군",0,0,0,0,0,0,238,214,179,187,190,195,167,129,129,0
"완주군",36,30,27,33,36,54,-,-,-,-,-,-,-,-,-,392
"진안군",3,5,3,5,3,5,-,-,-,-,-,-,-,-,-,42
"무주군",4,4,5,5,6,7,-,-,-,-,-,-,-,-,-,71
"장수군",3,5,4,6,6,3,-,-,-,-,-,-,-,-,-,54
"임실군",4,2,8,6,5,7,-,-,-,-,-,-,-,-,-,75
"순창군",3,7,3,6,6,5,-,-,-,-,-,-,-,-,-,71
"고창군",10,11,6,15,11,18,-,-,-,-,-,-,-,-,-,123
"부안군",11,9,8,10,11,6,-,-,-,-,-,-,-,-,-,117
"전라남도",429,462,376,460,516,530,9357,9275,8554,8049,7587,7413,6365,6201,6181,6157
"목포시",52,57,41,50,59,64,1215,1285,1196,1050,884,882,743,725,701,681
"여수시",77,74,65,86,88,87,1755,1718,1453,1399,1251,1257,1051,1083,1103,1027
"순천시",79,77,51,86,78,85,1432,1396,1304,1227,1273,1164,1017,1047,1056,1061
"나주시",28,32,26,34,48,45,414,567,593,623,591,582,488,514,444,487
"여천시",0,0,0,0,0,0,-,-,-,-,0,0,0,0,0,0
"광양시",47,56,49,49,68,66,936,880,809,790,748,661,595,587,638,689
"담양군",0,0,0,0,0,0,176,184,156,175,146,153,146,106,124,0
"곡성군",0,0,0,0,0,0,101,85,94,107,69,83,53,48,49,0
"구례군",0,0,0,0,0,0,108,91,109,79,78,73,51,51,49,0
"여천군",0,0,0,0,0,0,-,-,-,-,0,0,0,0,0,0
"고흥군",0,0,0,0,0,0,235,205,219,176,189,209,149,136,141,0
"보성군",0,0,0,0,0,0,133,173,144,122,139,93,97,96,93,0
"화순군",0,0,0,0,0,0,280,242,222,243,205,201,201,187,182,0
"장흥군",0,0,0,0,0,0,162,146,125,126,134,157,128,106,103,0
"강진군",0,0,0,0,0,0,149,134,138,126,121,120,91,75,80,0
"해남군",0,0,0,0,0,0,315,298,251,275,284,263,237,157,187,0
"영암군",0,0,0,0,0,0,340,289,261,234,190,226,205,182,199,0
"무안군",0,0,0,0,0,0,439,454,384,356,348,278,310,422,367,0
"함평군",0,0,0,0,0,0,132,106,116,96,120,97,82,60,77,0
"영광군",0,0,0,0,0,0,258,237,238,221,200,259,200,175,160,0
"장성군",0,0,0,0,0,0,223,190,175,141,157,176,154,108,111,0
"완도군",0,0,0,0,0,0,241,266,254,219,196,211,150,141,129,0
"진도군",0,0,0,0,0,0,114,143,125,110,114,120,91,81,76,0
"신안군",0,0,0,0,0,0,199,186,188,154,150,148,126,114,112,0
"담양군",5,14,9,10,9,13,-,-,-,-,-,-,-,-,-,135
"곡성군",3,4,10,4,1,4,-,-,-,-,-,-,-,-,-,55
"구례군",5,5,0,2,2,3,-,-,-,-,-,-,-,-,-,48
"고흥군",3,6,8,13,9,15,-,-,-,-,-,-,-,-,-,148
"보성군",5,3,5,5,4,9,-,-,-,-,-,-,-,-,-,85
"화순군",13,15,14,13,12,12,-,-,-,-,-,-,-,-,-,184
"장흥군",7,7,6,5,7,8,-,-,-,-,-,-,-,-,-,91
"강진군",7,7,4,4,11,4,-,-,-,-,-,-,-,-,-,88
"해남군",16,17,7,10,12,17,-,-,-,-,-,-,-,-,-,177
"영암군",10,20,10,17,15,18,-,-,-,-,-,-,-,-,-,179
"무안군",21,23,23,25,33,27,-,-,-,-,-,-,-,-,-,341
"함평군",4,6,5,3,4,4,-,-,-,-,-,-,-,-,-,66
"영광군",14,11,10,15,17,12,-,-,-,-,-,-,-,-,-,175
"장성군",8,10,9,9,8,11,-,-,-,-,-,-,-,-,-,123
"완도군",9,8,15,12,14,12,-,-,-,-,-,-,-,-,-,146
"진도군",9,4,5,3,8,5,-,-,-,-,-,-,-,-,-,76
"신안군",7,6,4,5,9,9,-,-,-,-,-,-,-,-,-,95
"경상북도",598,614,496,681,741,759,14183,14273,13363,12190,11687,10637,9046,8163,8180,8128
"포항시",123,138,117,141,170,158,3052,2986,2599,2430,2265,2155,1848,1863,1743,1772
"남구",60,59,62,72,82,80,1561,1526,1357,1196,1119,1088,877,892,820,861
"북구",63,79,55,69,88,78,1491,1460,1242,1234,1146,1067,971,971,923,911
"경주시",58,49,67,80,64,70,1297,1252,1130,1035,1127,969,859,758,765,784
"김천시",36,40,27,34,35,33,569,660,688,641,592,562,473,439,404,402
"안동시",30,37,34,43,46,45,766,780,729,668,603,552,470,451,443,494
"구미시",102,100,89,123,149,152,2810,2792,2618,2470,2326,2125,1794,1476,1510,1499
"영주시",24,24,5,26,31,28,397,441,448,404,387,300,280,281,297,271
"영천시",17,23,16,31,29,22,479,477,446,400,387,414,330,310,339,281
"상주시",18,15,13,15,24,25,424,405,349,325,337,296,266,216,265,219
"문경시",9,12,10,10,18,17,353,295,285,245,215,229,173,165,166,158
"경산시",72,62,51,64,74,94,1479,1556,1541,1341,1283,1198,987,868,902,881
"군위군",0,0,0,0,0,0,76,99,61,77,67,64,50,34,33,0
"의성군",0,0,0,0,0,0,187,184,190,151,141,154,131,90,85,0
"청송군",0,0,0,0,0,0,116,103,113,91,87,81,63,63,67,0
"영양군",0,0,0,0,0,0,73,66,68,46,54,50,45,43,39,0
"영덕군",0,0,0,0,0,0,150,152,155,140,130,105,84,65,81,0
"청도군",0,0,0,0,0,0,164,151,141,120,130,107,87,72,87,0
"고령군",0,0,0,0,0,0,152,132,127,118,111,88,63,61,56,0
"성주군",0,0,0,0,0,0,175,152,155,157,184,141,132,114,98,0
"칠곡군",0,0,0,0,0,0,844,993,949,807,657,511,406,367,370,0
"예천군",0,0,0,0,0,0,171,182,143,169,235,202,224,181,182,0
"봉화군",0,0,0,0,0,0,129,121,123,88,81,85,63,67,62,0
"울진군",0,0,0,0,0,0,254,241,259,224,238,209,183,148,155,0
"울릉군",0,0,0,0,0,0,66,53,46,43,50,40,35,31,31,0
"의성군",13,5,8,8,9,9,-,-,-,-,-,-,-,-,-,118
"청송군",4,2,2,6,3,5,-,-,-,-,-,-,-,-,-,58
"영양군",4,5,1,5,4,2,-,-,-,-,-,-,-,-,-,47
"영덕군",7,6,6,7,7,6,-,-,-,-,-,-,-,-,-,78
"청도군",8,10,2,7,9,9,-,-,-,-,-,-,-,-,-,91
"고령군",8,4,1,3,8,9,-,-,-,-,-,-,-,-,-,77
"성주군",12,12,9,12,13,10,-,-,-,-,-,-,-,-,-,125
"칠곡군",24,39,23,30,21,30,-,-,-,-,-,-,-,-,-,370
"예천군",17,10,5,11,11,12,-,-,-,-,-,-,-,-,-,165
"봉화군",3,5,4,8,4,5,-,-,-,-,-,-,-,-,-,53
"울진군",6,13,6,13,11,15,-,-,-,-,-,-,-,-,-,150
"울릉군",3,3,0,4,1,3,-,-,-,-,-,-,-,-,-,35
"경상남도",741,834,665,828,882,897,19056,18671,17580,15978,14996,13613,11900,10531,10504,10232
"창원시",0,0,0,0,0,0,-,-,-,-,0,0,0,0,0,0
"마산시",0,0,0,0,0,0,-,-,-,-,0,0,0,0,0,0
"합포구",0,0,0,0,0,0,-,-,-,-,0,0,0,0,0,0
"회원구",0,0,0,0,0,0,-,-,-,-,0,0,0,0,0,0
"진주시",91,91,61,104,116,112,1696,1706,1667,1571,1468,1386,1260,1315,1101,1158
"진해시",0,0,0,0,0,0,-,-,-,-,0,0,0,0,0,0
"통영시",24,16,15,27,21,27,820,802,723,589,546,454,394,341,353,283
"사천시",35,33,27,33,38,19,676,607,553,552,523,423,421,374,352,406
"김해시",125,152,122,137,153,164,3123,2901,2750,2578,2489,2425,2185,1820,1829,1837
"밀양시",15,28,14,23,32,18,434,501,390,356,338,309,299,280,253,272
"거제시",40,51,46,63,61,63,2095,2281,2040,1577,1285,1071,835,760,771,672
"양산시",95,106,93,106,119,117,1798,1809,1828,1913,1934,1650,1456,1279,1212,1319
"창원시",240,261,214,251,269,312,6337,6094,5835,5265,4928,4444,3897,3421,3630,3244
"의창구",60,52,41,60,52,63,1580,1547,1374,1292,1192,1188,1110,800,831,655
"성산구",56,60,55,60,61,91,1490,1367,1319,1186,1200,984,884,857,981,858
"마산합포구",48,55,43,53,47,44,905,955,902,855,811,701,557,546,573,576
"마산회원구",29,39,33,30,41,39,1129,981,1046,860,745,690,627,507,508,440
"진해구",47,55,42,48,68,75,1233,1244,1194,1072,980,881,719,711,737,715
"의령군",0,0,0,0,0,0,108,98,86,84,77,77,74,52,58,0
"함안군",0,0,0,0,0,0,403,362,319,282,212,216,177,132,121,0
"창녕군",0,0,0,0,0,0,291,276,276,249,218,196,171,135,125,0
"고성군",0,0,0,0,0,0,276,254,214,183,162,146,112,97,111,0
"남해군",0,0,0,0,0,0,159,134,121,122,116,118,91,75,84,0
"하동군",0,0,0,0,0,0,188,197,184,115,138,150,109,91,89,0
"산청군",0,0,0,0,0,0,112,133,115,98,115,107,88,76,73,0
"함양군",0,0,0,0,0,0,144,147,123,108,121,114,81,70,90,0
"거창군",0,0,0,0,0,0,238,220,234,189,197,203,168,139,163,0
"합천군",0,0,0,0,0,0,158,149,122,147,129,124,82,74,89,0
"의령군",4,1,7,0,2,2,-,-,-,-,-,-,-,-,-,44
"함안군",7,13,14,12,11,12,-,-,-,-,-,-,-,-,-,140
"창녕군",6,11,14,6,11,9,-,-,-,-,-,-,-,-,-,143
"고성군",11,10,9,10,9,9,-,-,-,-,-,-,-,-,-,122
"남해군",9,9,5,5,8,1,-,-,-,-,-,-,-,-,-,81
"하동군",13,11,4,7,8,8,-,-,-,-,-,-,-,-,-,106
"산청군",3,5,7,8,3,3,-,-,-,-,-,-,-,-,-,68
"함양군",4,10,2,9,4,3,-,-,-,-,-,-,-,-,-,88
"거창군",10,14,11,21,12,10,-,-,-,-,-,-,-,-,-,155
"합천군",9,12,0,6,5,8,-,-,-,-,-,-,-,-,-,94
"제주특별자치도",182,179,178,208,238,251,3593,3676,3705,3654,3638,3358,2981,2661,2718,2614
"제주시",138,135,129,155,182,195,2719,2696,2734,2735,2666,2457,2214,1933,2034,1964
"서귀포시",44,44,49,53,56,56,874,980,971,919,972,901,767,728,684,650
"북제주군",0,0,0,0,0,0,-,-,-,-,0,0,0,0,0,0
"남제주군",0,0,0,0,0,0,-,-,-,-,0,0,0,0,0,0
"국외",304,332,277,372,361,341,7724,6704,5096,5115,5283,5248,3385,3163,3804,4094
